1	—	Das Geschäft ist heute zu.	The shop is closed today.
2	Dativ	Ich gehe zum Supermarkt.	I am going to the supermarket.
3	Dativ	Niemand kommt außer mir.	Nobody comes except me.
4	Akkusativ	Das Medikament hilft gegen Schmerzen.	The medicine helps against pain.
5	Dativ	Sie ist heute außer Haus.	She is out of the house today.
6	Dativ	Wir gehen am Bahnhof vorbei.	We walk past the station.
7	Dativ	Das Hotel liegt gegenüber dem Park.	The hotel is opposite the park.
8	Dativ/Akkusativ	Der Zaun steht um den Garten herum.	The fence stands around the garden.
9	Akkusativ	Das Spiel ist gegen Bayern.	The game is against Bayern.
10	Dativ/Akkusativ	Das Buch liegt auf dem Tisch.	The book lies on the table.
11	—	Unter der Woche arbeite ich.	During the week I work.
12	Dativ	Aus Erfahrung sage ich das.	I say that from experience.
13	Genitiv	Statt Kaffee trinke ich Tee.	Instead of coffee I drink tea.