German	English	
Bulgarisch	Bulgarian	
Deutsch (Ich spreche Deutsch.)	German (I speak German.)	
Würstchen, -	sausage	
auf („Würstchen“ heißt auf Italienisch „wurstel“.)	in (“Sausage” in Italian is called “wurstel”.)	
heißen, er heißt, hat geheißen („Würstchen“ heißt auf Italienisch „wurstel“.)	to be called (“Sausage” in Italian is called “wurstel”.)	
Ihr, Ihre (Wie heißen die Wörter in Ihrer Sprache?)	here: your (What are the words called in your language?)	
Wort, -er"	word	
Englisch	English	
gut (Guten Tag!)	good (Good day!)	
guten Tag	Good day! Hello!	
Indonesisch	Indonesian	
international	international	
Italienisch	Italian	
Japanisch	Japanese	
Russisch	Russian	
Serbisch	Serbian	
Sie (Ordnen Sie zu.)	you (formal) (Match.)	
Ungarisch	Hungarian	
was (Was ist das?)	what? (What is that?)	
zu|ordnen	to assign, to match	
zusammen|gehören	to fit together	
die Autobahn, -en	highway	
das Butterbrot, -e	sandwich	
das (das Würstchen)	the (the sausage)	
der (der Kindergarten)	the (the kindergarten)	
die (die Flasche)	the (the bottle)	
die Flasche, -n	bottle	
das Handtuch, -er"	towel	
der Kindergarten, -"	kindergarten	
der Koffer, -	suitcase	
der/die Kranke, -n	sick person	
die Nudel, -n	noodle	
das Würstchen, -	sausage	
in (+ D.) (Wie heißen die Wörter in Ihrer Sprache?)	in (What are the words called in your language?)	
Spanisch	Spanish	
die Sprache, -n	language	
wie (Wie heißen die Wörter in Ihrer Sprache?)	here: what (What are the words called in your language?)	
andere, anderer	other	
Türkisch	Turkish	
und	and	
auch	also	
bis bald	see you soon	
ciao	bye	
danke	thank you	
die (Wie heißen die Personen?)	the (What are the people called?)	
dir (Wie geht's? - Gut, und dir?)	you (dat.) (How are you? - Good, and you?)	
du	you	
die Entschuldigung, -en (Entschuldigung, wie heißt du?)	here: to be sorry (I'm sorry, what is your name?)	
ganz (Wie geht's? - Ganz gut, danke.)	here: pretty (How are you? - Pretty good, thank you.)	
gehen, er geht, ist gegangen (Wie geht's?)	to go (How's it going?)	
gut (Wie geht es Ihnen? - Danke, sehr gut!)	good (How are you? - Thank you, very well!)	
hallo	hello	
heißen, er heißt, hat geheißen (Ich heiße Niklas.)	to be named (My name is Niklas.)	
hören	to hear	
ich	I	
lesen, er liest, hat gelesen	to read	
die Person, -en	person	
sehr (Wie geht's? - Danke, sehr gut.)	very (How are you? Thank you, very well.)	
sein, er ist, ist gewesen (Hallo, ich bin Julia.)	to be (Hello, I am Julia.)	
tschüs	bye	
wer (Wer bist du?)	who? (Who are you?)	
die Situation, -en	situation	
spielen	to play	
bekannt	well-known	
der Name, -n	name	
oder (Julia oder Niklas)	or (Julia or Niklas)	
auf Wiedersehen	goodbye	
das (Das ist Frau Kowalski.)	this (This is Mrs Kowalski.)	
deutsch	German	
ein, eine	a	
Frau (Guten Morgen, Frau Weber.)	Miss, Mrs, Ms (Good morning, Miss / Mrs / Ms Weber)	
gute Nacht	good night	
guten Abend	good evening	
Herr (Guten Tag, Herr Hansen.)	Mr (Good day, Mr Hansen)	
Ihnen (Wie geht es Ihnen?)	you (formal, dat.) (How are you?)	
kennen, er kennt, hat gekannt	to know	
das Kursplakat, -e	course poster	
machen (Machen Sie ein Kursplakat.)	to make (Make a course poster.)	
mein, meine	my	
sammeln	to collect	
das Verb, -en	verb	
der Vorname, -n	first name	
welcher, welche, welches	which	
wo (Wo wohnen Sie?)	where (Where do you live?)	
woher (Woher kommst du?)	from where (From where are you?)	
wohnen	to live	
der Aussagesatz, -e"	declarative sentence	
den	the	
das Interview, -s	interview	
variieren	to vary	
die W-Frage, -n	w-question	
er	he	
ergänzen	to complete	
sie (Sie kommt aus Deutschland.)	she (She's from Germany.)	
notieren	to note	
wie (Machen Sie ein Interview wie in Aufgabe 4.)	here: like (Conduct an interview like in exercise 4.)	
zwei	two	
die Partnerin, -nen	partner (f)	
raten, er rät, hat geraten	to guess	
vor|stellen (Stellen Sie Ihren Partner im Kurs vor.)	to introduce (Introduce your partner to the course.)	
guten Morgen	good morning	
informell	informal	
der Nachname, -n	last name	
das Personalpronomen, -	personal pronoun	
die Antwort, -en	answer	
aus (+ D.) (Ich komme aus Deutschland.)	here: from (I'm from Germany.)	
Deutschland	Germany	
in (+ D.) (Ich wohne in Frankfurt.)	in (I live in Frankfurt.)	
kommen, er kommt, ist gekommen	to come from	
der Reiseführer, - (Ich arbeite als Reiseführer.)	travel guide (m) (I work as a travel guide.)	
die Reiseführerin, -nen	travel guide (f)	
sprechen, er spricht, hat gesprochen	to speak	
das Telefon, -e	telephone	
der Partner, -	partner (m)	
achtzehn	eighteen	
der Buchstabe, -n	letter	
dann	then	
drei	three	
acht	eight	
zwölf	twelve	
die Handynummer, -n	mobile phone number	
dein, deine	your	
fragen	to ask	
nach (+ D.) (Fragen Sie nach der Telefonnummer.)	here: about (Ask about the telephone number.)	
die Telefonnummer, -n	telephone number	
das Alphabet, -e	alphabet	
zuerst	at first	
die E-Mail-Adresse, -n	email address	
das Gespräch, -e	conversation	
der Unterstrich, -e	underscore	
bis	until	
dreizehn	thirteen	
eins	one	
elf	eleven	
fünf	five	
fünfzehn	fifteen	
laut	loud	
mit|sprechen, er spricht mit, hat mitgesprochen	to speak along	
neun	nine	
neunzehn	nineteen	
null	zero	
sechs	six	
sechzehn	sixteen	
sieben	seven	
siebzehn	seventeen	
vier	four	
vierzehn	fourteen	
die Zahl, -en	number	
zehn	ten	
zwanzig	twenty	
mit|lesen, er liest mit, hat mitgelesen	to read along	
zu	in	
minus	minus	
der Punkt, -e (der Punkt am Satzende)	period (the period at the end of a sentence)	
sagen	to say	
schreiben, er schreibt, hat geschrieben	to write	
bitte	please	
buchstabieren	to spell	
der Dialog, -e	dialogue	
ein bisschen	a little	
langsam	slow	
nicht	not	
noch einmal	once more	
verstehen, er versteht, hat verstanden (Das verstehe ich nicht.)	to understand (I do not understand that.)	
Algerien	Algeria	
Arabisch	Arabic	
Brasilien	Brasil	
Französisch	French	
Japan	Japan	
das Land, -er"	country	
lernen (Sie lernt Spanisch.)	to learn (She's learning Spanish.)	
Österreich	Austria	
Portugiesisch	Portugese	
die Schweiz (Sg.) (Sie kommt aus der Schweiz.)	Switzerland (She's from Switzerland.)	
sie (Kennst du die Personen? Wo wohnen sie?)	they (Do you know the people? Where do they live?)	
die Tabelle, -n	table, chart	
die USA (Pl.) (Olivia comes from the USA.)	USA (Olivia is from the USA.)	
Frankreich	France	
Griechenland	Greece	
Italien	Italy	
Mexiko	Mexico	
Polnisch	Polish	
Rätoromanisch	Raetho-Romanic	
Portugal	Portugal	
Thailand	Thailand	
Polen	Poland	
Russland	Russia	
Spanien	Spain	
die Türkei (Sg.)	Turkey	
die Ukraine (Sg.)	Ukraine	
zu (Arbeiten Sie zu zweit.)	here: as (Work as a pair.)	
zweit (Arbeiten Sie zu zweit.)	here: pair (Work as a pair.)	
der Text, -e	text	
kurz (Schreiben Sie einen kurzen Text.)	short (Write a short text.)	
die Stadt, -e"	city	
das Befinden (Sg.)	condition	
darauf	upon	
die Grammatik, -en	grammar	
grüßen	to greet	
reagieren	to react	
das Redemittel, -	useful phrases	
das Subjekt, -e	subject	
über (+ A.) (über andere sprechen)	about (to speak about others)	
verabschieden	to say goodbye	
das W-Wort, -er"	w-word	
gern	glad	
die Leute (Pl.)	people	
fotografieren	to photograph	
der Freund, -e	friend	
die Freundin, -nen	female friend, girlfriend	
schwimmen, er schwimmt, ist geschwommen	to swim	
arbeiten (Arbeiten Sie zu zweit.)	to work (Work as a pair.)	
gehen, er geht, ist gegangen (Hörst du gern Musik? - Es geht so.)	here: to be okay (Do you like listening to music? - It's okay.)	
ja (Liest du gern? - Ja, sehr gern.)	yes (Do you like to read? - Yes, very.)	
nein	no	
so (Schwimmst du gern? - Nein, nicht so gern.)	so (Do you like swimming? - No, not so much.)	
so (Singst du gern? - Es geht so.)	so (Do you like to sing? - So and so.)	
das Buch, -er"	book	
Fußball (Sg. ohne Artikel) (Er spielt gern Fußball.)	football (He likes to play football.)	
jogen	to jog	
der Kollege, -n	colleague (m)	
die Kollegin, -nen	colleague (f)	
die Musik (Sg.)	music	
singen, er singt, hat gesungen	to sing	
tanzen	to dance	
lieben	to love	
die Sensation, -en	sensation	
super	super	
toll	great	
wir	we	
an|kreuzen	to mark	
gehen, er geht, ist gegangen (Gehst du gern ins Kino?)	to go (Do you like going to the cinema?)	
das Kino, -s	movie theater	
kochen	to cook	
reisen	to travel	
am (Kochen wir am Wochenende Spaghetti?)	at (Are we going to cook spaghetti at the weekend?)	
arbeiten (Was arbeitest du?)	to work (What do you work as?)	
die Endung, -en	ending	
das Foto, -s	photo	
ihr (Joggt ihr morgen auch?)	you (Are you going jogging tomorrow as well?)	
der Kommentar, -e	commentary	
lustig	funny	
antworten	to answer	
das Wochenende, -n	weekend	
nennen, er nennt, hat genannt	to name	
mit (+ D.)	with	
der Dienstag, -e	Tuesday	
der Donnerstag, -e	Thursday	
der Freitag, -e	Friday	
der Mittwoch, -e	Wednesday	
der Montag, -e	Monday	
der Samstag, -e	Saturday	
der Sonntag, -e	Sunday	
wenn	when	
der Wochentag, -e	day of the week	
die Frage, -n	question	
gehen, er geht, ist gegangen (Gehen wir ins Kino? - Nein, das geht leider nicht.)	to go (Are we going to the cinema? - No, that won't work unfortunately.)	
leider	unfortunately	
nach|sprechen, er spricht nach, hat nachgesprochen	to repeat	
die Satzmelodie, -n	intonation	
achten auf (+ A.) (Achten Sie auf die Satzmelodie.)	pay attention to (Pay attention to the intonation.)	
für (+ A.)	for	
durch (+ A.)	through	
oft	often	
das Café, -s	café	
der Moment, -e (Im Moment lese ich ein Buch von Daniel Kehlmann.)	moment (I'm reading a book by Daniel Kehlmann at the moment.)	
morgen	tomorrow	
die Spaghetti (Pl.)	spaghetti	
von (+ D.) (Ich lese ein Buch von Daniel Kehlmann.)	by (I'm reading a book by Daniel Kehlmann.)	
wirklich (Spielen Sie wirklich Fußball?)	really (Do you really play football?)	
das Dritt (Arbeiten Sie zu dritt.)	here: threes (Work in threes)	
die Form, -en	form, shape, mold	
der Infinitiv, -e	infinitive	
das Hobby, -s	hobby	
die Ja-/Nein-Frage, -n	yes-/no-question	
jede, jeder	every	
der Kursraum, -e"	course room	
das Museum, Museen	museum	
das Restaurant, -s	restaurant	
das Schwimmbad, -er"	swimming pool	
das Stadion, Stadien	stadium	
der Tag, -e	day	
der Termin, -e	appointment	
das Theater, -	theatre	
die Verabredung, -en	appointment	
der Arzt, -e"	doctor (m)	
die Ärztin, -nen	doctor (f)	
das Auto, -s	car	
der Beruf, -e	occupation	
bestimmt (der bestimmte Artikel)	here: definite (the definite article)	
der Computer, -	computer	
feminin	feminine	
geben, es gibt, es hat gegeben (Es gibt mehrere Möglichkeiten.)	here: to be (There are several possibilities.)	
das Geld, -er	money	
das Glas, -er"	glass	
der Kellner, -	waiter	
die Kellnerin, -nen	waitress	
maskulin	masculine	
das Medikament, -e	medicine	
mehrere	several	
die Möglichkeit, -en	possibility	
neutrum	neuter	
passen (Welches Foto passt zum Text?)	to match (which picture matched to which text?)	
der Plural, -e	plural	
die Rechnung, -en	bill	
der Schlüssel, -	key	
die Spritze, -n	injection	
der Stift, -e	pencil	
die Straße, -n	street	
der Student, -en	student (m)	
die Studentin, -nen	student (f)	
die Tablette, -n	pill	
der Taxifahrer, -	taxi driver (m)	
die Taxifahrerin, -nen	taxi driver (f)	
zu (+ D.) (Was passt zu den Berufen?)	to (What fits to the occupations?)	
markieren	to highlight	
das Nomen, -	noun	
der Kapitel, -	chapter	
der Kurs, -e	course	
der Lernwortschatz, -e"	learning vocabulary	
die Seite, -n	page	
suchen	to search	
das Übungsbuch, -er"	exercise book	
vergleichen, er vergleicht, hat verglichen	to compare	
weitere, weiterer	further	
der Abend, -e	evening	
aber (Ich arbeite viel, aber ich habe zwei Tage frei: Montag und Dienstag.)	but (I work a lot, but i have two free days: Monday and Tuesday.)	
alt (Ich bin 22 Jahre alt.)	old (I'm 22 years old.)	
bei (+ D.) (Ich arbeite bei Taxi-Zentral".)"	at (I work at Taxi-Zentral".)"	
fahren, er fährt, ist gefahren	to drive	
frei|haben, er hat frei, hat freigehabt	to have a holiday	
groß	large	
haben, er hat, hat gehabt (Ich habe pro Woche 24 Stunden Seminare und Kurse.)	to have (I have 24 hours of seminars and courses a week.)	
hier	here	
das Jahr, -e (Ich fahre 68.000 Kilometer pro Jahr.)	year (I drive 68.000 kilometres per year.)	
das Jahr, -e (Ich bin 22 Jahre alt.)	year (I'm 22 years old.)	
der Kilometer, - (= km)	kilometre (=km)	
das Krankenhaus, -er"	hospital	
der Krankenpfleger, -	nurse (m)	
die Krankenpflegerin, -nen	nurse (f)	
meistens	mostly	
der Nachmittag, -e	afternoon	
nachts	at night	
der Patient, -en	patient (m)	
die Patientin, -nen	patient (f)	
der Platz (Sg.) (Wir haben Platz für 1.250 Patienten.)	room (We have room for 1.250 patients.)	
pro	per	
das Seminar, -e	seminar	
die Stunde, -n	hour	
die Universität, -en	university	
viel, viele	a lot	
von … bis (Ich arbeite von 6 bis 15 Uhr.)	from…till (I work from 6 am till 3 pm.)	
warten	to wait	
die Woche, -n	week	
das Zimmer, -	room	
alle (Notieren Sie alle Zahlen.)	all (Note all numbers.)	
einhundert	one hundred	
hundert	hundred	
unterstreichen, er unterstreicht, hat unterstrichen	to underline	
die Information, -en	information	
von (+ D.) (Was sind Sie von Beruf?)	by (What is your occupation?)	
präsentieren	to present	
die Pluralform, -en	plural form	
der Singular, -e	singular	
immer	always	
die Pluralendung, -en	plural ending	
gegenseitig	mutual	
die Lernkarte, -n	learning cards	
tauschen	to switch	
der Architekt, -en	architect (m)	
die Architektin, -nen	architect (f)	
der Friseur, -e	hairdresser (m)	
die Friseurin, -nen	hairdresser (f)	
der Informatiker, -	computer scientist (m)	
die Informatikerin, -nen	computer scientist (f)	
der Ingenieur, -e	engineer (m)	
die Ingenieurin, -nen	engineer (f)	
der Lehrer, -	teacher (m)	
die Lehrerin, -nen	teacher (f)	
der Elektriker, -	electrician (m)	
die Elektrikerin, -nen	electrician (f)	
der Erzieher, -	kindergarten teacher (m)	
die Erzieherin, -nen	kindergarten teacher (f)	
der Handwerker, -	craftsman	
die Handwerkerin, -nen	craftswoman	
der Journalist, -en	journalist (m)	
die Journalistin, -nen	journalist (f)	
der Jurist, -en	solicitor (m)	
die Juristin, -nen	solicitor (f)	
der Koch, -e"	cook (m)	
die Köchin, -nen	cook (f)	
der Mechaniker, -	mechanic (m)	
die Mechanikerin, -nen	mechanic (f)	
der Polizist, -en	police officer (m)	
die Polizistin, -nen	police officer (f)	
ab (+ D.) (Nennen Sie die Zahlen ab 20.)	here: starting at (Name all numbers starting at 20.)	
noch (Kennen Sie noch andere Berufe?)	yet, even, here: any (Do you know any other occupations?)	
der Verkäufer, -	salesperson (m)	
die Verkäuferin, -nen	salesperson (f)	
berichten	to report	
die Notiz, -en	note	
studieren	to study	
an|sehen, er sieht an, hat angesehen	to look at	
das Beispiel, -e (zum Beispiel)	example (for example)	
die Farbe, -n	colour	
stehen, er steht, hat gestanden (Wo steht die Frau?)	to stand (Where is the woman standing?)	
das Wörterbuch, -er"	dictionary	
das Artikelbild, -er	article picture	
blau	blue	
grün	green	
merken	to remember	
rot	red	
das Taxi, -s	taxi	
die Zeichnung, -en	drawing	
eigene, eigener	own	
die Adresse, -n	address	
die Angabe, -n (Machen Sie persönliche Angaben.)	here: information (Give personal information.)	
der Club, -s	club	
der Familienname, -n	family name	
das Geburtsdatum, -daten	date of birth	
der Geburtsort, -e	birth place	
neu	new	
persönlich	personally	
zusammen|passen	to fit together	
Basketball (Sg. ohne Artikel)	basketball	
die E-Mail, -s	e-mail	
die Firma, Firmen	company	
das Formular, -e	form	
die Hausnummer, -n	house number	
Karate	karate	
kein, keine	no	
männlich	male	
die Postleitzahl, -en	zip code	
die Schule, -n	school	
der Sportclub, -s	sports club	
Tennis (Sg. ohne Artikel)	tennis	
wählen	to choose	
weiblich	female	
der Wohnort, -e	place of residence	
Yoga (Sg. ohne Artikel)	yoga	
Zumba (Sg. ohne Artikel)	zumba	
achtzig	eighty	
dreißig	thirty	
eintausend	one thousand	
fünfzig	fifty	
die Milliarde, -n	billion	
die Million, -en	million	
neunzig	ninety	
sechzig	sixty	
siebzig	seventy	
tausend	thousand	
vierzig	fourty	
verabreden (sich)	to make plans	
die Stadttour, -en	city tour	
die Station, -en	station	
der Bahnhof, -e"	train station	
die Bauzeit (Sg.)	construction period	
der Besucher, -	visitor (m)	
die Besucherin, -nen	visitor (f)	
bis zu (+ D.) (Bauzeit: bis 2016)	until (Construction period: Until 2016)	
breit	wide	
der Euro, -s	euro	
hoch	high	
die Kirche, -n	church	
das Konzert, -e	concert	
das Konzerthaus, -er"	concert hall	
kosten	to cost	
der Meter, -	metre	
die Mitte (Sg.)	middle	
das Rathaus, -er"	town hall	
der Star, -s	star	
der Turm, -e"	tower	
über (Der Turm ist über 120 Jahre alt.)	over (The tower is over 160 years old.)	
auf (+ D.) (Die Schiffe fahren auf dem Fluss.)	on (The ships sail on the river.)	
bis zu	up to	
circa (= ca.)	approximately (= approx.)	
da	there	
dem (Die Schiffe fahren auf dem Fluss.)	the (The ships sail on the river.)	
der Fluss, -e"	river	
der Hafen, -"	harbour	
in (+ D.) (Der Zug fährt in 8 Stunden nach Warschau.)	in (The train will be leaving for Warsaw in eight hours.)	
das Meer, -e	sea	
der Mensch, -en	person	
nach (+ D.) (Der Zug fährt nach Warschau.)	to (The train is going to Warsaw.)	
das Schiff, -e	ship	
sehen, er sieht, hat gesehen	to see	
das Symbol, -e	symbol	
der Zug, -e"	train	
die Ausstellung, -en	exhibition	
die Brücke, -n	bridge	
lang	long	
der Ort, -e	here: village	
über (+ A.) (Sammeln Sie Informationen über Ihre Stadt.)	about (Collect information about your city.)	
grüezi	Swiss word for: hello	
grüß Gott	good day	
das Hotel, -s	hotel	
moin	good morning	
so (So sagt man auf Deutsch: …)	here: this (In German you say it like this: …)	
die Taxifahrt, -en	taxi ride	
der Weg, -e	way	
interessant	interesting	
die Kunsthalle, -n	art gallery	
die Lösung, -en	solution	
erste, erster	first	
richtig (Ist der Satz richtig oder falsch?)	true (Is the sentence true or false?)	
schon (Da ist auch schon das Hotel.)	already (There is the hotel already.)	
schön	pretty	
der See, -n	lake	
zeichnen	to draw	
auf|stehen, er steht auf, ist aufgestanden	to stand up	
passend	matching	
unbestimmt (der unbestimmte Artikel)	indeterminate (the indeterminate article)	
das Haus, -er"	house	
der Satz, -e"	sentence	
der Konsonant, -en	consonant	
der Vokal, -e	vowel	
vor (+ D.) (Vor dem Nomen steht der Artikel.)	before (The article stands before the noun.)	
der Tisch, -e	table	
der Bus, -se	bus	
das Fahrrad, -er"	bicycle	
die U-Bahn, -en	subway	
zeigen (Zeigen Sie auf das Bild.)	to point (Point to the picture.)	
zu Fuß (Pia geht zu Fuß.)	on foot (Pia is going on foot.)	
das Flugzeug, -e	airplane	
die S-Bahn, -en	suburban train	
die Straßenbahn, -en	tram	
aber (Jetzt aber schnell!)	but (But get a move on now!)	
also (Kein Bus, also schnell!)	so (No bus, so, quickly!)	
das Bild, -er	picture	
die Fahrkarte, -n	ticket	
das Glück (Sg.) (So ein Glück!)	luck (Such luck!)	
heute	today	
jetzt	now	
schnell	quick	
der Test, -s	test	
die Konzertkarte, -n	concert ticket	
der Negationsartikel, -	negative article	
okay	okay	
der Plan, -e"	plan	
rechts	right	
bilden (Bilden Sie drei Gruppen.)	to form (Form three groups.)	
die Gruppe, -n	group	
doppelt	double	
der Arm, -e	arm	
klopfen	to knock	
kreisen	to circle	
links	left	
die Wegbeschreibung, -en	directions	
geradeaus	straight ahead	
der Imperativ, -e	imperative	
das Mal, -e (Würfeln Sie drei Mal.)	time (Roll the dice three times.)	
würfeln	to roll (the dice)	
das Ziel, -e	goal	
die Comicgeschichte, -n	comic strip	
die Welt, -en	world	
ähnlich	similar	
Dank (Sg.) (Vielen Dank.)	thanks (Thank you very much.)	
einfach (Das ist ganz einfach.)	easy (That is very easy.)	
genau (Ja, genau.)	exactly (Yes, exactly.)	
der Markt, -e"	market	
der Park, -s	park	
der Start, -s	starting line	
an (+ D.) (40.000 Filmfans sehen an 10 Tagen über 100 Filme.)	here: over the course of (40.000 film fans watch over 100 films over the course of 10 days.)	
der Chor, -e"	choir	
deutschsprachig	German-speaking	
diese, dieser	this	
dirigieren	to conduct	
das Event, -s	event	
das Festival, -s	festival	
der Film, -e	film	
der Filmfan, -s	film fan	
der Gast, -e"	guest	
ihr, ihre (Die Stadthalle zeigt ihre Produktionen.)	its (The town hall shows its productions.)	
das Orchester, -	orchestra	
die Produktion, -en	production	
das Publikum (Sg.)	audience	
der Regisseur, -e	director (m)	
die Regisseurin, -nen	director (f)	
das Requiem, -s	requiem	
der Schauspieler, -	actor	
die Schauspielerin, -nen	actress	
sein, seine (Der Regisseur präsentiert seinen Film.)	his (The director presents his film.)	
der Solist, -en	soloist (m)	
die Solistin, -nen	soloist (f)	
das Theater-Festival, -s	theatre festival	
das Ticket, -s	ticket	
finden, er findet, hat gefunden (Finden Sie Sport interessant?)	to find (Do you find sport interesting?)	
der April (Sg.)	April	
der August (Sg.)	August	
der Dezember (Sg.)	December	
der Februar (Sg.)	February	
der Frühling (Sg.)	spring	
der Herbst (Sg.)	autumn	
der Januar (Sg.)	January	
der Juli (Sg.)	July	
der Juni (Sg.)	June	
der Mai (Sg.)	May	
der März (Sg.)	March	
der Monat, -e	month	
der November (Sg.)	November	
der Oktober (Sg.)	October	
der September (Sg.)	September	
der Sommer, -	summer	
der Winter, -	winter	
die Jahreszeit, -en	season	
das Plakat, -e	poster	
das Adjektiv, -e	adjective	
das Ding, -e	thing	
die Position, -en	position	
stellen (eine Frage stellen)	here: to ask (to ask a question)	
der Apfelsaft, -e"	apple juice	
die Banane, -n	banana	
das Brötchen, -	bread roll	
die Butter (Sg.)	butter	
die/das Cola, -s	cola	
das Ei, -er	egg	
der Essig, -e	vinegar	
das Fleisch (Sg.)	meat	
das Frühstück, -e	breakfast	
das Gemüse, -	vegetable	
guten Appetit	Enjoy!	
der/das Joghurt, -s	yogurt	
die Kartoffel, -n	potato	
der Käse (Sg.)	cheese	
das Lebensmittel, -	groceries	
die Marmelade, -n	jam, marmelade	
die Milch (Sg.)	milk	
das Mittagessen, -	lunch	
das Müsli, -s	muesli	
das Wasser, -	water	
die Muttersprache, -n	mother tongue	
die Bäckerei, -en	bakery	
ein|kaufen	to shop	
die Metzgerei, -en	butcher	
der Supermarkt, -e"	supermarket	
das Abendessen, -	dinner	
das Brot, -e	bread	
der Zucker (Sg.)	sugar	
der Apfel, -"	apple	
das Geschäft, -e	shop	
kaufen	to buy	
bis später	see you later	
die Einladung, -en	invitation	
uns (Wir grillen heute Abend bei uns.)	ours (We're barbecuing at ours this evening.)	
vielleicht	maybe	
die Zeit, -en (Wir haben morgen keine Zeit.)	time (We don't have time tomorrow.)	
alles	everything	
brauchen	to need	
der Einkaufszettel, -	grocery list	
das Getränk, -e	drink	
die Grillparty, -s	barbecue	
mehr (Wir haben keinen Käse mehr.)	here: anymore (We don't have any cheese anymore.)	
planen	to plan	
stimmen (Oliven sind oft teuer. - Ja, stimmt.)	here: to be true (Olives are often expensive. - Yes, that's true.)	
teuer	expensive	
der Einkauf, -e"	shopping	
die Birne, -n	pear	
der Fisch, -e	fish	
das Hähnchen, -	chicken	
die Olive, -n	olive	
die Pommes frites (Pl.)	chips	
der Reis (Sg.)	rice	
schmecken	to taste	
süß (Schokolade schmeckt süß.)	sweet (Chocolate tastes sweet.)	
der Akkusativ, -e	accusative	
der Nominativ, -e	nominative	
essen, er isst, hat gegessen	to eat	
zusammen	together	
der Umlaut, -e	umlaut	
der Cent, -s	cent	
da	there	
dran sein, er ist dran, ist drangekommen	to have one's turn	
der Einkaufswagen, -	shopping cart	
etwas (Sonst noch etwas?)	here: anything (Anything else?)	
finden, er findet, hat gefunden (Entschuldigung, wo finde ich Reis?)	to find (Excuse me, where can I find rice?)	
das Gramm, -	gram	
gut (Kommst du? - Also gut …)	here: alright (Are you coming? - Alright then …)	
der Kassenzettel, -	receipt	
kosten	to cost	
machen (Zahlen, bitte. - Gern. Das macht 12 Euro, bitte.)	to make (Can I pay please. - With pleasure. That makes 12 euros, please.)	
möchten, er möchte, hat gemocht	to want	
nehmen, er nimmt, hat genommen (Ich nehme ein Brötchen, bitte.)	to take (I'll take one bread roll, please.)	
der Preis, -e	price	
sonst	otherwise	
das Stück, -e/-	piece	
die Tüte, -n	bag	
wissen, er weiß, hat gewusst	to know	
der Emmentaler, -	Emmentaler cheese	
wechseln	to change	
wie viel, wie viele	how much	
die Limonade, -n	lemonade	
recherchieren	to research	
die Packung, -en	packaging	
das Öl, -e	oil	
der Orangensaft, -e"	orange juice	
der Pfeffer, -	pepper	
das Salz, -e	salt	
der Tee, -s	tea	
verbinden, er verbindet, hat verbunden (Verbinden Sie Nomen und Artikel.)	to connect (Connect nouns and articles.)	
die Gurke, -n	cucumber	
der Kaffee, -s	coffee	
der/das Keks, -e	cookie	
der Kuchen, -	cake	
die Sahne (Sg.)	cream	
der Salat, -e	salad	
der Schinken, -	ham	
die Schokolade, -n	chocolate	
die Suppe, -n	soup	
die Tomate, -n	tomato	
die Wurst, -e"	sausage	
die Zitrone, -n	lemon	
das Essen, -	meal, food	
fertig	ready	
gleich (Das Essen ist gleich fertig.)	nearly (The food is nearly ready.)	
grillen	to barbecue	
die Nachricht, -en (Sie schreibt Paul eine Nachricht.)	message (She writes Paul a message.)	
saft, -e (Ich trinke gerne Saft.)"	juice (I like to drink juice.)	
trinken, er trinkt, hat getrunken	to drink	
satt	full	
die Mahlzeit, -en (Guten Appetit! - Mahlzeit!)	enjoy your meal (Enjoy your meal! - Enjoy your meal!)	
prost	cheers	
zum Wohl	cheers	
die Frau, -en (Die Frau trinkt gern Tee.)	woman (The woman likes to drink tea.)	
gerne	with pleasure	
gleichfalls	likewise	
lecker	tasty	
der Mann, -er (Der Mann möchte ein Brötchen.)"	man (The man would like a bread roll.)	
abends	in the evening	
allein	alone	
der Becher, -	cup	
die Dose, -n	jar	
das Fett, -e	fat	
das Kilo, -s (= kg)	kilo	
das Kilogramm, - (= kg)	kilogram	
der Liter, -	litre	
das Maß, -e	measure	
die Packung, -en	packet	
die Verpackung, -en	packaging	
die Pizza, -s/Pizzen	pizza	
das Sushi, -s	sushi	
wach	awake	
wenig	a bit	
die Arbeit, -en	work	
asiatisch	Asian	
der Döner, -	kebab	
frühstücken	to eat breakfast	
gesund	healthy	
halb (Ich frühstücke um halb acht.)	here: half past (I eat breakfast at half past eight.)	
die Kantine, -n	canteen	
manchmal	sometimes	
der Mann, -er (Mein Mann und ich frühstücken zusammen.)"	husband (My husband and I eat breakfast together.)	
der Mittag, -e	noon	
mittags	at noon	
mögen, er mag, hat gemocht	to like	
der Morgen, -	morning	
morgens	in the morning	
nachmittags	afternoon	
nichts	nothing	
nur	only	
das Obst (Sg.)	fruit	
schlafen, er schläft, hat geschlafen	to sleep	
um (Abends um sieben essen wir alle zusammen.)	at (We all eat together at seven in the evening.)	
vormittags	before noon	
was	what	
erzählen	to tell	
der Vormittag, -e	before noon	
die Mindmap, -s	mind map	
das Paar, -e	pair	
das Thema, Themen	topic	
die Assoziation, -en	association	
ein|fallen, es fällt ein, ist eingefallen	to think of	
frei (Sammeln Sie freie Assoziationen.)	free (Collect free associations.)	
die Methode, -n	method	
thematisch	topical	
die Wortgruppe, -n	word group	
als (Max Schmidt arbeitet seit zwei Jahren als Koch.)	as (Max Schmidt has been working as a cook for two years.)	
am (Max Schmidt ist Koch am Bodensee.)	at (Max Schmidt is a cook at the Bodensee.)	
die Arbeitszeit, -en	working hours	
beantworten	to answer	
der Champignon, -s	mushroom	
der Chef, -s	boss (m)	
die Chefin, -nen	boss (f)	
das Dessert, -s	dessert	
echt (Das ist dann echt stressig!)	really (That's really stressful then!)	
das Fischgericht, -e	fish dish	
frisch	fresh	
das Gericht, -e	meal	
helfen, er hilft, hat geholfen	to help	
klein	small	
kreativ	creative	
länger	longer	
natürlich (Das ist natürlich nicht so schön.)	of course (That is of course not so nice.)	
nett	nice	
normalerweise	normally	
probieren	to try	
schälen	to peel	
schneiden, er schneidet, hat geschnitten (Er schneidet das Gemüse.)	to cut (He is cutting the vegetables.)	
seit (+ D.)	since, for	
der Spaß (Sg.) (Kochen macht Spaß.)	fun (Cooking is fun.)	
stressig	stressful	
rund um (Berufe rund ums Essen)	all about (Occupations all about food)	
die Altstadt, -e"	historic city	
zurück	back	
die Zwiebel, -n	onion	
führen (ein Gespräch führen)	here: to have (to have a conversation)	
unregelmäßig (unregelmäßige Verben)	irregular (irregular verbs)	
die Vorliebe, -n	preference	
die Uni, -s	university	
nummerieren	to number	
lassen	to have lunch	
abwechselnd	alternating	
das Büro, -s	office	
der Alltag (Sg.)	everyday life	
besuchen	to visit	
die Bibliothek, -en	library	
duschen	to shower	
die Familie, -n	family	
die Mensa, Mensen	canteen	
die Oma, -s	grandma	
treffen, er trifft, hat getroffen	to meet	
die Uhrzeit, -en	time of day	
vor (+ D.) (Es ist fünf vor zwei.)	here: to (It is five to two.)	
der Inoffiziell	inofficial	
kurz (Es ist kurz nach acht.)	here: just (It's just after eight.)	
nach (+ D.) (Es ist zwanzig nach sieben.)	past (It's twenty past seven.)	
offiziell	official	
spät	late	
Uhr (Wie viel Uhr ist es?)	o'clock (What time is it?)	
das Viertel, - (Es ist Viertel nach sechs.)	quarter (It is a quarter past six.)	
der Englisch-Test, -s	English test	
der Geburtstag, -e	birthday	
die Geige, -n	violin	
der Geigenunterricht (Sg.)	violin lessons	
der Kalender, -	calendar	
der Mathe-Test, -s	math test	
die Mutter, -"	mother	
der Onkel, -	uncle	
das Spiel, -e (Florian hat am Sonntag ein Spiel.)	game (Florian has a game one Sunday.)	
das Training, -s	practice	
die Trompete, -n	trumpet	
wie lange	how long	
bleiben, er bleibt, ist geblieben	to stay	
die Tochter, -"	daughter	
der Trompetenunterricht (Sg.)	trumpet lessons	
der Vater, -"	father	
zu Hause	at home	
beschreiben, er beschreibt, hat beschrieben	to describe	
der Bruder, -"	brother	
gehen, er geht, ist gegangen (Meine Kinder gehen in Frankfurt in die Schule.)	to go (My children go to school in Frankfurt.)	
ledig	single	
der Possessivartikel, -	possessive article	
die Schwester, -n	sister	
der Techniker, -	technician (m)	
die Technikerin, -nen	technician (f)	
verheiratet	married	
die Geschwister (Pl.)	siblings	
die Großeltern (Pl.)	grandparents	
die Großmutter, -"	grandmother	
der Großvater, -"	grandfather	
der Opa, -s	grandpa	
der/die Verwandte, -n	relative	
die Fantasie (Sg.)	fantasy, imagination	
das Baby, -s	baby	
die Eltern (Pl.)	parents	
falsch	wrong	
das Kind, -er	child	
krank	sick	
die Musikschule, -n	music school, conservatory	
der Sohn, -e"	son	
telefonieren	to telephone	
der Junge, -n	boy	
das Mädchen, -	girl	
die Regel, -n	rule	
das Wortende, -n	ending of the word	
der Ball, -e"	ball	
das Gästebuch, -er"	guestbook	
die Homepage, -s	homepage	
willkommen	welcome	
cool	cool	
der Eintrag, -e"	entry	
euer, eure	your	
das Familienfoto, -s	family photograph	
der Hamster, -	hamster	
hey	hey	
die Maus, -e"	mouse	
das Saxofon, -e	saxophone	
süß (Euer Hund ist so süß.)	cute (Your dog is so cute.)	
die Tour, -en	tour	
unser, unsere	our	
die Karte, -n (Schreiben Sie fünf Karten mit Nomen.)	card (Write five cards with nouns.)	
plus	plus	
das Pronomen, -	pronoun	
der Stapel, -	deck of cards	
ziehen, er zieht, hat gezogen (Ziehen Sie eine Karte.)	here: to draw (Draw a card.)	
der Gruß, -e (Liebe Grüße)"	greeting (Kind greetings.)	
die Hausaufgabe, -n	homework	
können, er kann, hat gekonnt	to be able to	
lieb (Liebe Grüße)	kind (Kind greetings.)	
das Modalverb, -en	modal verb	
müssen, er muss, hat gemusst	to have to (do something)	
nächste, nächster	next	
das Problem, -e	problem	
der Sonntagnachmittag, -e	Sunday afternoon	
der Sport (Sg.)	sport	
der Stress (Sg.)	stress	
wollen, er will, hat gewollt	to want (something)	
ja (Wir können ja morgen telefonieren, okay?)	here: modal particle (cannot be translated to English) (We can telephone tomorrow, okay?)	
die Party, -s	party	
dreimal	three times	
die Idee, -n	idea	
leid|tun, er tut leid, hat leidgetan (Tut mir leid.)	to be sorry (I'm sorry.)	
schade	pity	
der Sprachkurs, -e	language class	
verschieden	different	
auf Wiederhören	talk to you later	
die Aussage, -n	statement	
frei (Leider ist am Montag kein Termin frei.)	here: available (Sadly there is no available appointment on Monday.)	
haben, er hat, hat gehabt (Ich hätte gern einen Termin.)	here: to make (I would like to make an appointment.)	
noch mal (Wie war noch mal Ihr Name, bitte?)	again (Please, what was your name again?)	
die Praxis, Praxen (Mara ruft in der Praxis von Dr. Steinig an.)	surgery (Mara is calling Dr Steinig's surgery.)	
tun, er tut, hat getan (Was kann ich für Sie tun?)	to do (What can I do for you?)	
ab (+ D.) (Heute ab 16 Uhr bin ich beim Friseur.)	from (I'm at the hairdresser today from 4pm onward.)	
höflich	polite	
die Höflichkeit (Sg.)	politeness, courtesy	
der Kunde, -n	customer (m)	
die Kundin, -nen	customer (f)	
offen	open	
die Rollenkarte, -n	role card	
die Sprachschule, -n	language school	
das Telefongespräch, -e	telephone call	
überlegen	to think about	
unhöflich	impolite	
vereinbaren	to make	
vor|bereiten	to prepare	
vorher	before	
die Bar, -s	bar	
die Besprechung, -en	meeting	
da sein	to be there	
die Minute, -n	minute	
die Pünktlichkeit (Sg.)	punctuality	
pünktlich	on time, punctual	
sitzen, er sitzt, hat gesessen	to sit	
zu (Er kommt zu spät.)	too (He is too late.)	
die halbe Stunde, -n	half an hour	
die Sekunde, -n	second	
die Verspätung, -en	delay	
die Zeitangabe, -n	time designation	
entschuldigen (Bitte entschuldigen Sie.)	to excuse (Please excuse me.)	
gut (Entschuldigung! - Schon gut.)	alright (I'm sorry! - Alright.)	
machen (Entschuldigung! - Macht nichts.)	here: to matter (I'm sorry! - It doesn't matter.)	
um (+ A.) (Ich bitte um Entschuldigung.)	for (I'd like to ask for forgiveness.)	
das Satzende, -n	ending of the sentence	
die Satzklammer, -n	sentence bracket	
die Tageszeit, -en	time of day	
feiern	to celebrate	
das Fitness-Studio, -s	gym	
die Freizeitaktivität, -en	extracurricular activity	
glauben (Ich glaube, der Mann klettert.)	to believe (I believe the man is climbing.)	
klettern	to climb	
der Ski, -	ski	
wandern	to hike	
die Pantomime (Sg.)	pantomime	
das Ratebild, -er	picture puzzle	
echt (Sofia hat morgen Geburtstag. - Echt?)	really (Sofia's birthday is tomorrow. - Really?)	
ein|laden, er lädt ein, hat eingeladen	to invite	
die Fahrradtour, -en	bike ride	
hi hi	hi hi	
klar (Kommst du heute? - Klar.)	of course (Are you coming today? - Of course.)	
klingen, er klingt, hat geklungen (Machen wir eine Fahrradtour? - Klingt gut.)	to sound (Are we going for a bike ride today? Sounds good.)	
das Picknick, -s	picnic	
schenken	to give (as a gift)	
die Überraschung, -en	surprise	
wen	whom	
werden, er wird, ist geworden (Sofia wird am Samstag 30.)	here: to turn (Sofia turns 30 on Saturday.)	
besonders (Was ist am Geburtstag besonders?)	special (What's special on your birthday?)	
das Datum, Daten	date	
die Ordinalzahl, -en	ordinal number	
auf|stellen	to arrange	
Achtung (Sg. ohne Artikel) (Achtung: Sofia weiß nichts!)	careful (Careful: Sofia doesn't know anything!)	
an|rufen	to call	
der Ausflug, -e"	excursion	
der Betreff, -e	subject	
ein|sammeln	to collect	
das Geschenk, -e	present	
hoffentlich	hopefully	
mit|bringen, er bringt mit, hat mitgebracht	to bring	
mit|kommen, er kommt mit, ist mitgekommen	to come	
ab|holen	to pick up	
an|fangen, er fängt an, hat angefangen	to start	
denn (Was denn?)	then (here: modal particle) (What?)	
mit|machen	to join in, to participate	
der Regen, -	rain	
schicken	to send	
der Treffpunkt, -e	meeting point	
der Überraschungstag, -e	surprise day	
wissen, er weiß, hat gewusst (Achtung: Sofia weiß nichts!)	to know	
trennbar (trennbare Verben)	separable (separable verbs)	
auf|hören	to stop	
das Fest, -e	festival	
die Anrede, -n	salutation	
die Einladungs-Mail, -s	invitation mail	
herzlich (Herzliche Grüße)	warm (Warm greetings)	
die Mail, -s	mail	
die Apfelsaftschorle, -n	apple juice spritzer	
bestellen	to order	
die Bestellung, -en	order	
bringen, er bringt, hat gebracht	of course	
dich	you	
euch	you	
ihn	him	
natürlich (Ein Wasser, bitte. - Natürlich. Ich bringe es gleich.)	of course (One water, please. - Of course. I will bring it in a moment.)	
sie (Wo ist Hanna? Das Schnitzel ist für sie.)	her (Where is Hanna? The schnitzel is for her.)	
der Teil, -e	part	
passieren	to happen	
verboten	forbidden	
das Eis (Sg.)	ice cream	
die Pommes (Pl.)	chips	
die Salami, -s	salami	
das Schnitzel, -	schnitzel	
die Speisekarte, -n	menu	
die Tomatensuppe, -n	tomato soup	
die Gabel, -n	fork	
der Löffel, -	spoon	
das Messer, -	knife	
die Servierte, -n	napkin	
die Tasse, -n	cup	
der Teller, -	plate	
bezahlen	to pay	
ordnen (Ordnen Sie den Dialog.)	to arrange (Arrange the dialogue.)	
stimmen (Das macht 13,80 €. - Hier sind 15 €. Stimmt so.)	to be correct (That makes 13,80 €. - Here are 15€. Keep the change.)	
zahlen	to pay	
geben, er gibt, hat gegeben (Sie gibt dem Kellner Trinkgeld.)	to give (She gives the waiter a tip.)	
das Trinkgeld, -er	tip	
danke schön	thank you	
gehen, er geht, ist gegangen (Zahlen, bitte. - Gern. Geht das zusammen?)	– (I'd like to pay, please. Of course. Are you paying separately?)	
der Durst (Sg.)	thirst	
der Hunger (Sg.)	hunger	
wieder	again	
der Besuch, -e	visit	
kalt	cold	
das Präteritum, Präterita	simple past	
warm	warm	
an (+ D.) (Wir sitzen draußen an Tischen und Bänken.)	at (We're sitting outside at tables and benches.)	
die Bank, -e (Die Leute sitzen auf der Bank.)"	bench (People are sitting on the bench.)	
das Beisl, -/-n	pub	
die Beiz, -en	pub	
der Biergarten, -"	beer garden	
Co (Kneipen & Co)	co (Bars & co)	
draußen	outside	
geöffnet	opened	
das Kaffeehaus, -er"	coffee shop	
die Kneipe, -n	bar	
das Lokal, -e	restaurant	
der/das Sandwich, -s	sandwich	
selbst	oneself	
die Selbstbedienung (Sg.)	self-service	
die Sonne (Sg.)	sun	
der Spielplatz, -e"	playground	
die Strandbar, -s	beach bar	
typisch	typical	
überall	everywhere	
voll (Die Kneipe ist am Abend voll.)	full (The bar is full in the evening.)	
das Wetter, -	weather	
die Anmeldung, -en (die Anmeldung zum Marathon)	application (the application for the marathon)	
die Anzeige, -n	advertisement	
die Atmosphäre (Sg.)	atmosphere	
auf|passen	to pay attention	
der Beginn (Sg.)	beginning	
beginnen	to begin	
besondere, besonderer	special	
das Double Feature, -s	double feature	
der Eintritt, -e	entrance	
enden	to end	
extra	extra	
Xtra- (Morgen ist in Wien ein Extra-Konzert von Mark Forster.)	(There's an extra concert by Mark Forster in Vienna tomorrow.)	
fehlen	to miss	
der Franken, -	Swiss franc	
früh	morning	
genießen, er genießt, hat genossen	to savor	
der Halbmarathon, -s	half-marathon	
die Karte, -n (Die Karten für das Konzert kosten 49 €.)	ticket (The tickets for the concert cost 49 €.)	
der Konzertbeginn (Sg.)	beginning of the concert	
die Kultur-Nacht, -e"	cultural night	
laufen, er läuft, ist gelaufen	to run	
los sein, er ist los, ist los gewesen (Was ist los?)	to be up (What's up?)	
der Marathon, -s	marathon	
die Museumsnacht, -e"	museum night	
die Nacht, -e"	night	
die Natur (Sg.)	nature	
das Open-Air-Kino, -s	open-air concert	
das Programm, -e	program	
Lust (Sg.) (Kommst du mit? - Nein, ich habe keine Lust.)	to want, to feel like (Are you coming? - No, I don't feel like it.)	
warum	why	
das Ereignis, -se	result	
die Präposition, -en	preposition	
der Ticketkauf, -e"	ticket purchase	
bis dann	until then	
doch (Kommst du heute nicht? - Doch.)	here: on the contrary (Are you not coming today? - On the contrary.)	
klar (Und, wie geht's? - Alles klar.)	here: good (And, how are you? - All good.)	
die Reihenfolge, -n	sequence	
später	later	
einkaufen gehen, er geht einkaufen, ist einkaufen gegangen	to go shopping	
der Nachbar, -n	neighbour (m)	
die Nachbarin, -nen	neighbour (f)	
an|nehmen, er nimmt an, hat angenommen	to accept	
mit|nehmen, er nimmt mit, hat mitgenommen	to take along	
das Paket, -e	package	
der Arbeitsalltag (Sg.)	workday	
das Praktikum, Praktika	internship	
supernett	super nice	
zu (+ D.) (Meine Chefin nimmt mich zu Kunden mit.)	to (My boss takes me along to visit clients.)	
die Apfelschorle, -n	apple juice spritzer	
verwenden	to use	
als (Das Leben hier ist ganz anders als zu Hause.)	than (Life here is completely different than at home.)	
anders	different	
bedeuten (Was bedeutet das?)	to mean (What does that mean?)	
der Blog, -s	blog	
die Computerarbeit (Sg.)	computer work	
endlich	finally	
erklären	to explain	
der Fehler, -	mistake	
das Leben, -	life	
leicht	easy	
das Lied, -er	song	
die Pause, -n	break	
der Kundenbesuch, -e	call on customers	
der Mitarbeiter, -	colleague (m)	
die Mitarbeiterin, -nen	colleague (f)	
das Sommerfest, -e	summer festival	
der Silbenanfang, -e"	beginning of the syllable	
der Wortanfang, -e"	beginning of the word	
das Wortinnere (Sg.)	inside of the word	
nach Hause	(toward) home	
wohin	whereto	
der Automat, -en	vending machine	
bar (Zahlen Sie bar oder mit Karte?)	in cash (Are you paying in cash or with a card?)	
genug	enough	
holen (Ich muss noch Geld holen.)	to get (I still need to get money.)	
die Kontonummer, -n	account number	
die Kreditkarte, -n	credit card	
überweisen, er überweist, hat überwiesen	to transfer	
das Konto, Konten	account	
die Bank, -en (Tom muss heute Nachmittag zur Bank gehen.)	bank	
der Bericht, -e	report	
dauern	to last	
die Post (Sg.)	post office	
so (So ein Zufall!)	such (This is such a coincidence!)	
der Zufall, -e"	coincidence	
die Ortsangabe, -n	location	
der Dativ, -e	dative	
wem	whom, who	
die Aussprache (Sg.)	pronunciation	
der Kurzform, -en	shortened form	
der Zahnarzt, -e"	dentist (m)	
die Zahnärztin, -nen	dentist (f)	
der Bäcker, - (Ich gehe zum Bäcker und kaufe Brot.)	bakery (I'm going to the bakery and I'm buying bread.)	
der Hausmeister, -	caretaker (m)	
die Hausmeisterin, -nen	caretaker (f)	
an|machen	to turn on	
aus|machen	to turn off	
die Datei, -en	file	
drucken	to print	
der Drucker, -	printer	
ein|geben, er gibt ein, hat eingegeben (das Passwort eingeben)	to enter (to enter the password)	
hoch|fahren, er fährt hoch, hat hochgefahren (Er fährt den Computer hoch.)	to start up (He is starting up the computer.)	
leer (Mein Akku ist gleich leer.)	empty (My battery is almost empty.)	
die Medien (Pl.)	media	
Mist (Sg.) (Mist, mein Akku ist gleich leer.)	bother (Oh bother, my batery is almost empty.)	
offline	offline	
öffnen (eine Datei öffnen)	to open (to open a file)	
das Passwort, -er"	password	
speichern	to save	
das WLAN (Sg.)	Wi-Fi	
der Akku, -s	battery	
das Netz (Sg.) (Ich habe kein Netz.)	reception (I don't have any reception.)	
aktuell	current	
argentinisch	Argentinian	
der Brief, -e	letter	
diskutieren	to discuss	
der/die Erwachsene, -n	adult	
ganz (Ich möchte Leute aus der ganzen Welt kennenlernen.)	whole (I want to get to know people from around the whole world.)	
das Jahrestreffen, -	yearly meeting	
kennen|lernen	to get to know	
das Mitglied, -er	member	
die Musikgruppe, -n	music group	
die Präsentation, -en	presentation	
samstags	on Saturday	
die Spezialität, -en	specialty	
der Stadtpark, -s	city park	
Südamerika	South America	
zeigen (Das Kino zeigt einen Film aus Spanien.)	to show (The cinema is showing a film from Spain.)	
der Kontakt, -e	contact	
das Sprachinstitut, -e	language department	
die Unterschrift, -en	signature	
die Anredeformel, -n	salutation	
auswendig (Lernen Sie die Wörter auswendig.)	here: to memorise (Memorise the words.)	
die Dame, -n (Sehr geehrte Damen und Herren, …)	madam (Dear Sir or Madam, …)	
freundlich (Mit freundlichen Grüßen)	here: sincerely (Yours sincerely)	
geehrt (Sehr geehrte Damen und Herren, …)	honoured (Dear Sir or Madam, …)	
die Grußformel, -n	salutation	
korrigieren	to correct	
der Absender, -	sender	
der Briefstandard, -s	letter standard	
der Empfänger, -	recipient (m)	
die Empfängerin, -nen	recipient (f)	
an (+ A.) (Schreiben Sie an Herrn Müller.)	to (Write to Mr Müller.)	
die Krankheit, -en	illness	
die Mittagspause, -n	lunch break	
die Politik (Sg.)	politics	
die Religion, -en	religion	
die Serie, -n	series	
der Aufzug, -e"	elevator	
beliebt	popular	
dazu	to that	
die meisten	most	
langweilig	boring	
neutral	neutral	
reden	to talk	
schwer (Die Aufgabe ist gar nicht so schwer.)	difficult (The exercise isn't really that difficult.)	
der Small Talk, -s	small talk	
eigentlich	actually	
das Fernsehen (Sg.) (Gestern war ein Fußballspiel im Fernsehen.)	television (There was a football game on the television yesterday.)	
formulieren	to phrase	
gar	really	
das Gesprächsthema, -themen	conversational topic	
gestern	yesterday	
heiß	hot	
interessieren	to interest	
oder (Das ist schrecklich, oder?)	here: right (That's terrible, right?)	
regnen	to rain	
schon wieder	again	
schrecklich	terrible	
denken, er denkt, hat gedacht	to think	
das Bett, -en	bed	
egal	whatever	
der/die Erste, -n	first	
faul	lazy	
fit	fit	
die Freizeit (Sg.)	free time	
hungrig	hungry	
hurra	hooray	
leben	live	
los|gehen, er geht los, ist losgegangen	to start	
müde	tired	
regelmäßig	regularly	
richtig (Morgens bin ich richtig hungrig.)	really (I'm really hungry in the morning.)	
schaffen	to manage	
sicher (Heute bin ich sicher die Erste im Büro.)	sure (Today I'll be the first at the office, for sure.)	
die Süßigkeit, -en	sweet	
täglich	daily	
die Chips (Pl.)	crisps	
das Experiment, -e	experiment	
aufräumen	to put away	
gefährlich	dangerous	
gerade	at the moment	
die Sprachnachricht, -en	voice message	
vergessen, er vergisst, hat vergessen	to miss	
vermissen	to forget	
an|ziehen, er zieht an, hat angezogen	to get dressed	
der Comic, -s	comic book	
die Fitness-App, -s	fitness app	
geben, er gibt, hat gegeben (Gib alles!)	to give (Give it your all!)	
holen (Hol ein Glas Wasser.)	to get (Get a glass of water.)	
mindestens	at least	
raus|gehen, er geht raus, ist rausgegangen	to go outside	
sportlich	athletic	
der Sportschuh, -e	trainer	
weiter|machen	to continue	
die Aufforderung, -en	request	
die App, -s	application	
ruhig (Seid bitte ruhig!)	quiet (Please be quiet!)	
auf|machen	to open	
auf|schreiben, er schreibt auf, hat aufgeschrieben	to write down	
das Fenster, -	window	
leise	quiet	
die Tafel, -n (Schreiben Sie den Satz an die Tafel.)	blackboard (Write a sentence on the blackboard.)	
vor|lesen, er liest vor, hat vorgelesen	to read aloud	
wiederholen	to repeat	
wiegen, er wiegt, hat gewogen	to weigh	
das Gewicht (Sg.)	weight	
die Größe, -n	size	
schwer (Wie groß und wie schwer ist die Person?)	heavy (How tall and heavy is the person?)	
der Bauch, -e"	stomach	
das Bein, -e	leg	
der Rücken, -	back	
der Körperteil, -e	body part	
der Alter (Sg.)	age	
der Finger, -	finger	
der Fuß, -e"	foot	
der Hals, -e"	neck	
die Hand, -e"	hand	
das Knie, -	knee	
der Kopf, -e"	head	
der Körper, -	body	
ab|wechseln	to take turns	
das Auge, -n	eye	
das Gesicht, -er	face	
das Haar, -e	hair	
der Mund, -er"	mouth	
die Nase, -n	nose	
das Ohr, -en	ear	
der Zahn, -e"	tooth	
riechen, er riecht, hat gerochen	to smell	
bekommen, er bekommt, hat bekommen	to get	
bekannt	injured	
die Apotheke, -n	pharmacy	
bewegen	to move	
gute Besserung	get well soon	
hin|legen (sich)	to lie down	
die Kontrolle, -n	check	
kontrollieren	to check	
der Doktor, Doktoren	doctor (m)	
die Doktorin, -nen	doctor (f)	
das Rezept, -e	here: prescription	
die Salbe, -n	salve	
der Unfall, -e"	accident	
der Verband, -e"	bandage	
verletzt	injured	
sauber machen	to clean sth	
sich	oneself	
weh|tun, er tut weh, hat wehgetan	to hurt	
die Wunde, -n	wound	
sollen, er soll, hat gesollt	be supposed to	
der Arztbesuch, -e	visit to the doctor	
sofort	immediately	
erkältet sein	to have a cold	
das Fieber (Sg.)	fever	
husten	cough	
schlecht (Mir ist so schlecht.)	here: sick (I feel so sick.)	
total	totally	
baden	to bath	
dürfen, er darf, hat gedurft	to be allowed	
erlaubt sein	to be allowed	
gegen (+ A.)	here: for	
der Hustensaft, -e"	cough syrup	
nehmen, er nimmt, hat genommen (Den Hustensaft müssen Sie abends nehmen.)	to take (You need to take the cough syrup in the evening.)	
rauchen	to smoke	
der Schmerz, -en	pain	
zweimal	twice	
die Anweisung, -en	instruction	
geben, er gibt, hat gegeben (Der Arzt gibt Anweisungen.)	to give (The doctor gives instructions.)	
die Bauchschmerzen (Pl.)	stomach pain	
die Rückenschmerzen (Pl.)	back pain	
die Halsschmerzen (Pl.)	sore throat	
die Kopfschmerzen (Pl.)	headache	
die Rolle, -n (Tauschen Sie die Rollen.)	role (Swap roles.)	
das Pflaster, -	band-aid	
der Saft, -e (Nehmen Sie einen Saft gegen den Husten.)"	here: syrup (Take some syrup for the cough.)	
der Tropfen, -	drop	
der Honig (Sg.)	honey	
die Hühnersuppe, -n	chicken soup	
die Nelke, -n	clove	
der Schnupfen, -	common cold	
vermuten	to suspect	
die Zahnschmerzen (Pl.)	toothache	
die Bitte, -n (Ich habe eine Bitte: …)	request (I have a request: …)	
ein|schlafen, er schläft ein, ist eingeschlafen	to fall asleep	
der Forumsbeitrag, -e"	forum post	
das Hausmittel, -	home remedy	
inhalieren	to inhale	
der Tipp, -s	tip	
versuchen	to attempt	
auf|hängen	to hang up	
der Zettel, -	note	
jemand	someone	
perfekt	perfect	
die Schlaftablette, -n	sleeping pill	
das Suppenhuhn, -er"	chicken for soup	
der Tee, -s	tea	
anstrengend	exhausting	
das Blut (Sg.)	blood	
das Ergebnis, -se	result	
glücklich	happy	
das Labor, -e	lab(oratory)	
der Laborant, -en	lab assistant (m)	
die Laborantin, -nen	lab assistant (f)	
der Notarzt, -e"	emergency doctor (m)	
die Notärztin, -nen	emergency doctor (f)	
der Physiotherapeut, -en	physical therapist (m)	
die Physiotherapeutin, -nen	physical therapist (f)	
die Physiotherapie, -n	physical therapy	
der Sportler, -	athlete (m)	
die Sportlerin, -nen	athlete (f)	
die Strategie, -n	strategy	
die Übung, -en	exercise	
untersuchen	to examine	
dazu|gehören	to include	
das Deutsche (Sg.)	German	
erschließen, er erschließt, hat erschlossen	to infer	
der/die Verletzte, -n	casualty	
zerlegen	to disassemble	
der Ausdruck, -e"	expression	
aus|drücken	to express	
die Erlaubnis, -se	permission	
das Gebot, -e	commandment	
das Verbot, -e	prohibition	
wieder|geben, er gibt wieder, hat wiedergegeben	to recite	
die Hilfe, -n (Danke für Ihre Hilfe.)	help (Thank you for your help.)	
das Kompositum, Komposita	compound	
der Kontext, -e	context	
der Therapeut, -en	therapist (m)	
die Therapeutin, -nen	therapist (f)	
das Arbeitszimmer, -	office	
das Bad, -er"	bath	
der Balkon, -e	balcony	
der Fernseher, -	television	
der Flur, -e	hallway	
das Gerät, -e	device, appliance	
der Herd, -e	stove	
die Kaffeemaschine, -n	coffee machine	
das Kinderzimmer, -	nursery	
die Küche, -n	kitchen	
der Kühlschrank, -e"	refridgerator	
die Lampe, -n	lamp	
die Möbel (Pl.)	furniture	
das Regal, -e	shelf	
das Schlafzimmer, -	bedroom	
der Schrank, -e"	wardrobe, cupboard	
der Schreibtisch, -e	desk	
der Sessel, -	armchair	
das Sofa, -s	sofa, couch	
die Spülmaschine, -n	dishwasher	
der Stuhl, -e"	chair	
der Teppich, -e	carpet	
die Toilette, -n	toilet	
die Waschmaschine, -n	washing machine	
die Wohnung, -en	flat	
das Wohnzimmer, -	living room	
oben	above, at the top	
die Pflanze, -n	plant	
ziehen, er zieht, ist gezogen (Beata ist in eine Wohnung gezogen.)	here: to move (Beata moved into a flat.)	
besonders (Ich bin besonders gern in der Küche.)	especially (I especially like to be in the kitchen.)	
der Lieblingsort, -e	favourite place	
das Lieblingszimmer, -	favourite room	
das Zentrum, Zentren	centre	
die Miete, -n	rent	
der Wunsch, -e"	wish	
das Apartment, -s	apartment	
hell	light	
maximal	maximally	
qm (= Quadratmeter)	sq m (= square metre)	
die Terrasse, -n	patio	
ungefähr	approximately	
die Wohnungssuche (Sg.)	flat search	
top	well	
vermieten	to let sth	
die Wohnfläche, -n	living space	
die Wohnungsanzeige, -n	advertisement for a flat	
zentral	central	
günstig	low-priced	
stellen (Carla will den Computer in die Küche stellen.)	to put (Carla wants to put the computer in the kitchen.)	
aus|füllen (ein Formular ausfüllen)	to fill in (to fill in a form)	
der Besichtigungstermin, -e	appointment for a flat view	
der Umzug, -e"	move	
unterschreiben, er unterschreibt, hat unterschrieben	to sign	
der Vermieter, -	landlord	
die Vermieterin, -nen	landlady	
der Vertrag, -e"	contract	
zu|machen	to close	
freuen (sich)	to look forward to sth	
scheinen, er scheint, hat geschienen	to shine	
fehlend	missing	
am Samstagabend	Saturday night	
die Einweihungsfeier, -n	house warming	
genau (Wo genau sind die Dinge?)	exactly (Where exactly are the things?)	
hinter (+ D.)	behind	
neben (+ D.)	next to	
über (+ D.) (Das Bild ist über dem Fernseher.)	over (The picture is hanging over the television.)	
unter (+ D.)	under	
zwischen (+ D.)	between	
aus|sehen, er sieht aus, hat ausgesehen	to look	
die Begeisterung (Sg.)	enthusiasm	
nicht mehr	not anymore	
die Äußerung, -en	remark	
negativ	negative	
positiv	positive	
braun	brown	
gelb	yellow	
grau	gray	
lila	purple	
orange	orange	
schwarz	black	
weiß	white	
die Treppe, -n	stairs	
die Überschrift, -en	heading	
der Altbauwohnung, -en	flat in an old building	
aus (+ D.) (Die Treppen sind aus Holz.)	out (of) (The stairs are made out of wood.)	
die Decke, -n	ceiling	
das Fachwerkhaus, -er"	half-timber house	
der Garten, -"	garden	
das Hochhaus, -er"	skyscraper	
das Holz, -er"	wood	
das Loft, -s	loft	
der Raum, -e"	room	
das Reihenhaus, -er"	townhouse	
der Blick, -e	view	
der Bewohner, -	resident (m)	
die Bewohnerin, -nen	resident (f)	
der Nachteil, -e	disadvantage	
der Vorteil, -e	advantage	
die Wohnform, -en	form of housing	
der Baum, -e"	tree	
die Blume, -n	flower	
ein paar	a couple, a few	
das Erdgeschoss, -e	ground level	
die Lage, -n	location	
nie	never	
weit (Von hier ist es nicht weit zur Uni.)	far (It's not far to uni from here.)	
die WG, -s	flat share	
die Wohn-Situation, -en	living situation	
zufrieden	satisfied	
zurzeit	currently	
der Textbaustein, -e	text block	
das Gefallen (Sg.)	approval	
das Missfallen (Sg.)	disapproval	
die Wechselpräposition, -en	two-case preposition	
das Studium, Studien	studies	
betreuen	to supervise	
geben, er gibt, hat gegeben (Ich gebe Unterricht an der Uni.)	to give (I give lessons at the university.)	
malen	to paint	
segeln	to sail	
der Unterricht (Sg.) (Ich gebe Unterricht an der Uni.)	lessons (I give lessons at the university.)	
der Künstler, -	artist (m)	
die Künstlerin, -nen	artist (f)	
die Radiosendung, -en	radio programme	
der Segellehrer, -	sailing instructor (m)	
die Segellehrerin, -nen	sailing instructor (f)	
der Arbeitsplatz, -e"	workplace	
die Baustelle, -n	construction site	
das Kaufhaus, -er"	department store	
die Werkstatt, -en"	workshop	
die Karriere, -n	career	
der Punkt, -e (Geben Sie Punkte: Was ist wichtig, was nicht?)	point (Give different points: What is important, what isn't?)	
verdienen	to earn	
die Kursstatistik, -en	course statistic	
der Feierabend, -e	closing time, home time	
fleißig	hardworking	
haben, er hat, hat gehabt (Ich habe heute lange gelernt.)	to have (I revised for a long time today.)	
laufen, es läuft, ist gelaufen (Heute läuft es gut. Die Präsentation ist fast fertig.)	to go (It's going well today. The presentation is almost finished.)	
leer (Der Kühlschrank ist leer.)	empty (The fridge is empty.)	
das Heft, -e	exercise book	
letzte, letzter	last	
mal	sometime	
der Professor, Professoren	professor (m)	
die Professorin, -nen	professor (f)	
das Projekt, -e	project	
das Semester, -	semester	
vorbei sein	to be over	
ebenso	also	
das Partizip, -ien	participle	
das Perfekt (Sg.)	perfect	
sein, er ist, ist gewesen (Was ist passiert?)	to be here: to happen (What has happened?)	
die Prüfung, -en	test, exam	
die Statistik, -en	statistics	
das Studio, -s	studio	
trainieren	to train	
das Unicafé, -s	uni café	
beide	both	
kaum	barely	
nehmen, er nimmt, hat genommen (Er hat vier Wochen Urlaub genommen.)	to take (He took a four week holiday.)	
der Anhang, -e"	appendix	
die Liste, -n	list	
die Aufgabe, -n	assignment	
mischen	to mix	
die Agentur für Arbeit (Sg.)	employment office	
arbeitslos	unemployed	
die Bewerbung, -en	application	
durch (+ A.) (Die Stelle habe ich durch ein Job-Portal gefunden.)	through (I found the position through a job portal.)	
die Ehefrau, -en	wife	
der Ehemann, -er"	husband	
eilig (Ich habe es immer eilig.)	hurried (I'm always in a hurry.)	
fliegen, er fliegt, ist geflogen	to fly	
freundlich (Der Chef ist immer freundlich.)	friendly (The boss is always friendly.)	
früher	formerly, in the past	
die Heimat (Sg.)	home	
der Hotelchef, -s	hotel boss (m)	
die Hotelchefin, -nen	hotel boss (f)	
das Internet (Sg.)	internet	
der Job, -s	job	
das Job-Portal, -e	job portal	
nur noch	only	
das Profil, -e	profile	
der Sekretär, -e	secretary (m)	
die Sekretärin, -nen	secretary (f)	
die Stelle, -n	position	
der Ortsveränderung, -en	change of location	
das Angebot, -e (ein Angebot schreiben)	offer (to write an offer)	
die Nachrichten (Pl.) (Er liest Nachrichten im Internet.)	news (He reads the news on the internet.)	
normal	normal	
der Spaziergang, -e"	walk	
der Tennisplatz, -e"	tennis court	
wirklich (Wie war es wirklich?)	really (How was it really?)	
her	ago	
der Anruf, -e	call	
die Durchwahl, -en	direct dialling	
verbinden, er verbindet, hat verbunden (Können Sie mich mit Frau Hofer verbinden?)	to connect (Can you connect me with Mrs Hofer?)	
bestimmt (Sie möchten eine bestimmte Person sprechen.)	certain (You want to speak to a certain person.)	
melden (sich)	to answer	
wie bitte	excuse me	
der Anschluss, -e"	connection	
besetzt	busy	
die Computerfirma, -firmen	computer company	
das Computerproblem, -e	computer problem	
vor|spielen	to act out	
der Anfang, -e"	beginning	
die Attraktion, -en	attraction	
das Ausland (Sg.)	abroad	
berühmt	famous	
die Bühne, -n	stage	
das Ende, -n	end	
das Festspiel, -e	festival production	
der Händler, -	merchant (m)	
die Händlerin, -nen	merchant (f)	
insgesamt	all together	
das Karussell, -e	merry-go-round	
das Kulturfestival, -s	culture festival	
die Oper, -n	opera	
statt|finden, er findet statt, hat stattgefunden	to take place	
der Stollen, -	German fruit cake	
verkaufen	to sell	
die Ware, -n	goods, merchandise	
der Weihnachtsmarkt, -e"	Christmas market	
der Zuschauer, -	spectator (m)	
die Zuschauerin, -nen	spectator (f)	
die Veranstaltung, -en	event	
der Statist, -en	extra (m)	
die Statistin, -nen	extra (f)	
der Saison-Job, -s	seasonal job	
nach|fragen	to ask again	
gefallen, er gefällt, hat gefallen	well	
der Anzug, -e"	suit	
aus|gehen, er geht aus, ist ausgegangen (Abends beim Ausgehen haben wir viel Spaß.)	to go out (We have a lot of fun when we go out in the evening.)	
das Kleid, -er	dress	
die Kleidung (Sg.)	clothes	
die Krawatte, -n	tie	
der Mantel, -"	coat	
die Mütze, -n	hat	
der Pullover, -	jumper	
der Rock, -e"	skirt	
der Schuh, -e	shoe	
stehen, er steht, hat gestanden (Die Hose steht dir sehr gut.)	to suit (The trousers suit you very well.)	
der Stiefel, -	boot	
die Tasche, -n	bag	
tragen, er trägt, hat getragen	to wear	
das T-Shirt, -s	t-shirt	
viel zu (Das T-Shirt ist viel zu eng.)	much too (The t-shirt is much too tight.)	
weit (Das T-Shirt ist zu weit.)	loose (The t-shirt is too loose.)	
die Geschichte, -n	story	
die Bluse, -n	blouse	
eng	tight	
das Hemd, -en	shirt	
die Hose, -n	trousers	
die Jeans, -	jeans	
gleich (Welche Wörter sind in anderen Sprachen gleich?)	the same (Which words are the same in other languages?)	
das Kleidergeschäft, -e	clothes shop	
der Laden, -"	shop	
der Secondhand-Laden, -"	secondhand shop	
weiter|hören	to continue to listen	
also (Also, ich finde diese Jacke sehr schön.)	well (Well, I think this jacket is very pretty.)	
besser	better	
daneben	beside	
erfragen	to inquire	
die Jacke, -n	jacket	
doof	stupid	
der Quatsch (Sg.)	nonsense	
schauen	to look	
der Schal, -s	scarf	
das Sweatshirt, -s	sweatshirt	
das Tuch, -er"	shawl	
zurück|schicken	to send back	
das Präfix, -e	prefix	
betont	stressed	
die Betonung, -en	stress	
fern|sehen, er sieht fern, hat ferngesehen	to watch television	
an|kommen, er kommt an, ist angekommen	to arrive	
an|probieren	to try on	
aus|ziehen, er zieht aus, hat ausgezogen	to take off	
böse	angry	
empfehlen, er empfiehlt, hat empfohlen	to recommend	
entdecken	to find	
die Klamotten (Pl.)	clothes	
nerven	to annoy	
ohne (+ A.)	without	
online	online	
passen (Die Hose hat nicht gepasst.)	to fit (The trousers didn't fit.)	
die Reaktion, -en	reaction	
die Sache, -n	thing	
shoppen	to shop	
um|tauschen	to change	
vorgestern	day before yesterday	
der Pulli, -s	pullover	
die Abendkleidung (Sg.)	evening wear	
die Bademode, -n	swimwear	
die CD, -s	CD	
die Damenmode, -n	women's fashion	
das Duschgel, -s	shower gel	
das Elektrogerät, -e	electronic device	
das Fitnessgerät, -e	fitness equipment	
das Fotozubehör (Sg.)	photographic accessories	
die Freizeitkleidung (Sg.)	leisure clothes	
die Haushaltswaren (Pl.)	homewares	
die Herrenmode, -n	men's fashion	
der/die Jugendliche, -n	teenager	
die Kamera, -s	camera	
die Kasse, -n	cashier	
die Kosmetik, -a	cosmetics	
der Kugelschreiber, -	balllpoint pen	
die Mode, -n	fashion	
das Parfüm, -e/-s	perfume	
die Parfümerie, -n	perfumery	
der Schmuck (Sg.)	jewelry	
die Schreibwaren (Pl.)	stationary	
die Spielwaren (Pl.)	toys	
die Sportkleidung (Sg.)	sportswear	
die Technik, -en	technology	
die Uhr, -en (Im Kaufhaus gibt es Uhren.)	clock (There are clocks at the shopping centre.)	
das Untergeschoss, -e	basement	
der USB-Stick, -s	USB stick	
die Zeitschrift, -en	magazine	
das Produkt, -e	product	
der Bleistift, -e	pencil	
kaputt	broken	
das Papier, -e	paper	
die Tafel, -n (Sehen Sie die Tafel im Kaufhaus an.)	board (Look at the board in the shopping centre.)	
der Wortteil, -e	part of the word	
danken	to thank	
kriegen	to get	
der Buchladen, -"	bookstore	
auf sein	to be open	
geschlossen	closed	
öffnen (Wir öffnen unsere Bäckerei auch am Sonntag.)	open (We open our bakery on Sundays too.)	
das Schild, -er	sign	
schließen, er schließt, hat geschlossen (Unser Geschäft schließt am Freitag schon um 15 Uhr.)	to close (Our shop closes at 3pm already on Fridays.)	
zu sein	to be closed	
zu|haben, er hat zu, hat zugehabt	to be closed	
das Atelier, -s	studio	
attraktiv	attractive	
auf jeden Fall	in any case	
das Design, -s	design	
der Designfan, -s	design fan	
die Fernsehproduktion, -en	TV production	
die Filmproduktion, -en	film production	
der Fotograf, -en	photographer (m)	
die Fotografin, -nen	photographer (f)	
die Hauptstadt, -e"	capital city	
individuell	individual	
der Infotext, -e	informational text	
das Label, -s	brand	
lebendig	living	
der Modedesigner, -	fashion designer (m)	
die Modedesignerin, -nen	fashion designer (f)	
der Modefan, -s	fashionista	
die Modeschule, -n	fashion school	
die Musikproduktion, -en	music production	
rund (Rund 1.000 Studenten gibt es an der Uni.)	around (There are around 1000 students at the university.)	
die Szene, -n	scene	
die Trendstadt, -e"	trendy city	
bequem	comfortable	
der Deckel, -	lid	
der Flagship-Store, -s	flagship store	
der Haushalt, -e	household	
der Individualist, -en	individualist (m)	
die Individualistin, -nen	individualist (f)	
das Modell, -e	model	
nicht nur	not only	
die Saison, -en/-s	season	
der Schuhfan, -s	shoe fan	
der Schuhladen, -"	shoeshop	
der Shop, -s	shop	
das Souvenir, -s	souvenir	
unterwegs	on the way	
topaktuell	cutting-edge	
die Öffnungszeiten (Pl.)	opening hours	
die Variation, -en	variation	
die Architektur (Sg.)	architecture	
der Designer, -	designer (m)	
die Designerin, -nen	designer (f)	
einfach (Das Geschäft ist einfach für jeden.)	simple (The shop is simply for everybody.)	
die Erfindung, -en	invention	
das Gadget, -s	gadget	
der Hof, -e"	courtyard	
original	original	
praktisch	practical	
der Stichpunkt, -e	bullet point	
der Demonstrativartikel, -	demonstrative article	
der Interrogativartikel, -	interrogative article	
der Kleiderkauf, -e"	clothes shopping	
orientieren (sich)	to orient	
ab (Ab in den Urlaub!)	off (We're off on holiday!)	
der Badeurlaub, -e	beach holiday	
der Campingurlaub, -e	camping holiday	
der Ski-Urlaub, -e	skiing holiday	
der Snowboard-Urlaub, -e	snowboarding holiday	
der Stadturlaub, -e	city trip	
der Badeanzug, -e"	swimsuit	
die Badehose, -n	swimming trunks	
der Bikini, -s	bikini	
das Gepäck (Sg.)	luggage	
das Geschirr (Sg.)	dishes	
der Handschuh, -e	glove	
die Handtasche, -n	handbag	
der Helm, -e	helmet	
die Regenjacke, -n	rain coat	
der Regenschirm, -e	umbrella	
der Reiseführer, - (Liest du den Reiseführer über Basel?)	travel guide (Are you reading the Basel travel guide?)	
die Reisetasche, -n	holdall	
der Schlafsack, -e"	sleeping bag	
die Seife, -n	soap	
die Sonnenbrille, -n	sunglasses	
die Sonnencreme, -s	sunscreen	
die Winterjacke, -n	winter coat	
das Zelt, -e	tent	
ein|packen	to pack	
das Kofferpacken (Sg.)	to pack one's suitcase	
die Anmeldung, -en (Ergänzen Sie Ihre Daten in der Anmeldung.)	registration (Add your data for the registration.)	
der Ausweis, -e	ID card	
da vorne	over there	
die Daten (Pl.)	files	
das Doppelzimmer, -	twin room	
das Einzelzimmer, -	single room	
die Karte, -n (Sie können mit Karte oder bar zahlen.)	card (You can pay with a card or in cash.)	
die Papiere (Pl.) (Ich brauche Ihre Papiere: den Ausweis oder Pass.)	documents (I need your documents: ID card or passport.)	
der Pass, -e"	passport	
reservieren	to book	
die Rezeption, -en	reception	
so (So, Herr Wolan, wie geht es Ihnen?)	so (So, Mr. Wolan, how are you?)	
die Städtereise, -n	city trip	
die Stadtführung, -en	tour of the city	
unten	below	
wünschen	to wish	
die Tram, -s	tram	
der Vorschlag, -e"	suggestion, recommendation	
danach	after	
der Schluss (Sg.)	end	
zum Schluss	at the end	
ab|fahren, er fährt ab, ist abgefahren	to depart	
die Abfahrt, -en	departure	
alle (Die S-Bahn fährt alle 10 Minuten.)	every (The s-bahn leaves every 10 minutes.)	
die Ankunft, -e"	arrival	
der Ausgang, -e"	exit	
aus|steigen, er steigt aus, ist ausgestiegen	to get off	
der Bahnsteig, -e	train platform	
die Ecke, -n	corner	
ein|steigen, er steigt ein, ist eingestiegen	to board	
der Flughafen, -"	airport	
gegenüber	across from	
das Gleis, -e	track	
die Haltestelle, -n	station	
nehmen, er nimmt, hat genommen (Nehmen Sie den Bus Nummer 18 zum Flughafen.)	to take (Take bus number 18 to the airport.)	
die Route, -n	route	
um|steigen, er steigt um, ist umgestiegen	to transfer	
benutzen	to use	
die Nummer, -n	number	
der Platz, -e (Das Kino ist am Potsdamer Platz.)"	square (The cinema is at the Potsdamer square.)	
die Tante, -n	aunt	
der Zoo, -s	zoo	
die Kunst, -e"	art	
denn (In Basel ist es schön, denn man kann viel machen.)	because (It's nice in Basel because you can make a lot.)	
erst	here: only	
die Postkarte, -n	postcard	
shoppen gehen, er geht shoppen, ist shoppen gegangen	to go shopping	
die Sehenswürdigkeit, -en	tourist attraction	
die Auskunft, -e (Auskunft geben)"	information (to provide information)	
außerhalb	outside of	
der/die Bekannte, -n	acquaintance	
etwas (Die Jugendherberge war etwas außerhalb.)	bit (The hostel was a bit outside of town.)	
froh	glad	
der Handy-Akku, -s	phone battery	
die Jugendherberge, -n	youth hostel	
k.o.	tired	
los|fahren, er fährt los, ist losgefahren	to leave	
der Mann, -er (Mann	bin ich froh!)"	here: boy (Oh boy, was I glad!)
die Pension, -en	guesthouse	
der Reisebericht, -e	travelogue	
sauber	clean	
der Schaffner, -	conductor (m)	
die Schaffnerin, -nen	conductor (f)	
tatsächlich	actually	
übernachten	to sleep over, to stay at	
verpassen	to miss	
wecken	to wake up	
zurück|fahren, er fährt zurück, ist zurückgefahren	to drive back	
zurück|finden, er findet zurück, hat zurückgefunden	to find back	
der Grund, -e"	reason	
die Weise (Sg.)	manner	
chillen	to chill	
gehören	to belong	
die Lieblingsfarbe, -n	favourite colour	
die Reise, -n	trip	
das Skifahren (Sg.)	to ski	
das Video, -s	video	
wunderbar	wonderful	
das Deutschbuch, -er"	German book	
der Flug, -e"	flight	
die Wortliste, -n	word list	
die Himmelsrichtung, -en	cardinal direction	
die Karte, -n (Suchen Sie die Städte auf der Karte.)	map (Look for the cities on the map.)	
liegen, er liegt, hat gelegen (Wo liegen die Städte in Deutschland?)	to be (Where are the cities in Germany?)	
der Norden (Sg.)	North	
der Osten (Sg.)	East	
der Süden (Sg.)	South	
vorne	in front, over there	
der Westen (Sg.)	West	
der Berg, -e	mountain	
bewölkt	cloudy	
die Burg, -en	castle	
der Grad, -e	degree	
das Pech (Sg.)	bad luck	
schneien	to snow	
sonnig	sunny	
der Traum, -e"	dream	
die Urlaubsnachricht, -en	holiday message	
der Wetterbericht, -e	weather report	
der Wind, -e	wind	
die Wolke, -n	cloud	
zum Glück	luckily	
windig	windy	
die Hitze (Sg.)	heat	
das Mistwetter (Sg.)	bad weather	
schütten (Es schüttet, so ein Regen!)	to pour (It's pouring, such rain!)	
selten	rarely	
einmal	once	
das Reiseziel, -e	(travel) destination	
der Abschnitt, -e	section, paragraph	
das Angebot, -e (In der Stadt gibt es viele Angebote für Kultur.)	offer (There are a lot of cultural offers in the city.)	
die Bewegung, -en	exercise, movement	
der/die Deutsche, -n	German	
das Dorf, -e"	village	
die Insel, -n	island	
die Kultur (Sg.)	culture	
die Landschaft, -en	landscape	
populär	popular	
der Strand, -e"	beach	
der Traumurlaub, -e	dream holiday	
der Urlaubsort, -e	holiday resort	
wunderschön	beautiful	