German	English	Type
aber (Hilfst du mir? – Aber gern.)	here: but (Will you help me? – But gladly.)	Conjunction
äußern	to express	Verb
die Currywurst, -würste	sausage with curry sauce (German fast food dish)	Noun
decken (Deck doch schon mal den Tisch.)	to set (a table) (Set the table already.)	Verb
doch (Willst du nicht probieren? – Doch, gern.)	Yes, of course (Don’t you want to try? – Yes, of course, gladly.)	Particle
der Durst (Singular)	thirst	Noun
egal	all the same	Adjective
einfach (Das muss einfach sein!)	here: just, simply (It just has to be!)	Adjective
fett (Currywurst ist so fett.)	fatty	Adjective
geben (gibt, hat gegeben) (Kannst du mir das Brot geben, bitte?)	to give (Can you give me the bread, please?)	Verb
das Gefühl, -e	feeling	Noun
der Hunger (Singular)	hunger	Noun
Mensch (ohne Artikel, Singular) (Mensch, habe ich einen Hunger!)	Oh man! (exclamation) (Oh man, am I hungry!)	Noun
die Mikrowelle, -n	microwave	Noun
rauf	up	Adverb
riechen (riecht, hat gerochen)	to smell	Verb
schon mal	already	Phrase / expression
was (etwas) (Es gibt ja gleich was.)	something (We’ll soon get something.)	Question word
schlecht	bad	Adjective
superlecker	very tasty	Adjective
bitter	bitter	Adjective
fett (Ungesundes Essen macht fett.)	fat (Unhealthy food makes you fat.)	Adjective
salzig	salty	Adjective
sauer (saurer, am sauersten) (Zitronen schmecken sehr sauer.)	sour (Lemons taste very sour.)	Adjective
scharf (schärfer, am schärfsten)	spicy	Adjective
süß	sweet	Adjective
die Mensa, Mensen	cafeteria	Noun
der Kochkurs, -e	cooking class	Noun
die Pfanne, -n	pan	Noun
das Sieb, -e	sieve	Noun
der Topf, Töpfe	pot	Noun
die Zeichnung, -en	drawing	Noun
backen (bäckt, hat gebacken)	to bake	Verb
begrüßen	to greet	Verb
das Kochbuch, -bücher	cookbook	Noun
der Teilnehmer,	participant	Noun
nachher	afterward	Adverb
stellen (Luisa stellt viele Fragen.)	to pose (questions) (Luisa poses many questions.)	Verb
die Ausbildung, -en	training, education	Noun
je	each, apiece	Adverb
der Onkel,	uncle	Noun
interviewen	to interview	Verb
das Fernsehen (Singular)	television	Noun
kommen (kommt, ist gekommen) (Was kommt heute im Fernsehen?)	here: to be on, to be shown (What’s on TV today?)	Verb
nix (nichts)	nothing (sl.)	Pronoun
sehen (sieht, hat gesehen) (Mal sehen, was heute im Fernsehen kommt.)	to see (Let’s see what’s on TV today.)	Verb
stören	to bother, disturb	Verb
ausruhen (sich)	to rest	Verb
das Geschirr (Singular)	dishes	Noun
spülen	to rinse	Verb
aber (Da ärgert sich aber jemand!)	here: but really (Someone’s going to be angry!)	Conjunction
ärgern (sich) (über + Akk.)	to be angry	Verb
aufregen (sich) (über + Akk.)	to be upset, angry	Verb
beeilen (sich)	to hurry	Verb
langweilen (sich)	to be bored	Verb
anmachen	to turn on	Verb
die Bohne, -n	bean	Noun
extra	specially	Adjective
das Gute (Singular) (Kommt heute was Gutes im Fernsehen?)	good (Is something good on TV today?)	Noun
das Rindfleisch (Singular)	beef	Noun
formulieren	to formulate	Verb
freuen (sich)	to be happy	Verb
traurig	sad	Adjective
folgen (folgt, ist gefolgt)	to follow	Verb
begründen	to justify	Verb
vermuten	to suspect, surmise	Verb
weil	because	Conjunction
wirklich (Wie war es wirklich?)	really (How was it really?)	Adverb
weitergehen (geht weiter, ist weitergegangen)	to continue	Verb
vorspielen	to act out	Verb
Dunkelrestaurant	dining in the dark	Noun
das Dunkeldinner,	dining in the dark	Noun
benutzen	to use	Verb
blind	blind	Adjective
die Dunkelheit (Singular)	darkness	Noun
das Dunkle (Singular) (Was ist beim Essen im Dunkeln schwierig?)	dark (What is hard about eating in the dark?)	Noun
der Eindruck, Eindrücke	impression	Noun
erkennen (erkennt, hat erkannt)	to recognize	Verb
das Erlebnis, -se	experience	Noun
führen (Ich führe dich an der Hand.)	to guide (I’ll guide you by the hand.)	Verb
gar	here: at all	Adverb
der Gastraum, -räume	dining room (in a restaurant)	Noun
der Gedanke, -n	thought	Noun
genau (Ich weiß nicht so genau.)	exactly (I don’t know exactly.)	Adverb
der Geruch, Gerüche	smell	Noun
gewöhnen (sich) (an + Akk.)	to accustom, get used to	Verb
das Licht, -er	light	Noun
das Menü, -s	three-course meal (in a restaurant)	Noun
nur noch	only	Adverb
rauchen	to smoke	Verb
schwierig	difficult, hard	Adjective
sehbehindert	vision-impaired	Adjective
die Sorge, -n	worry	Noun
verboten	forbidden	Adjective
völlig	completely, totally	Adverb
der Vorraum, -räume	lobby, anteroom	Noun
zählen	to count	Verb
abwechselnd	alternating(ly)	Adjective
das Dunkelrestaurant, -s	restaurant without lights, blind restaurant	Noun
das Ergebnis, -se	outcome, result	Noun
gemeinsam	together	Adverb
der Sinn, -e (Lernen Sie mit allen Sinnen.)	sense (Learn with all your senses.)	Noun
die Station, -en	station	Noun
vorbereiten (Tobi bereitet einen Salat vor.)	to prepare (Tobi prepares a salad.)	Verb
aufmachen	to open	Verb
das Auge, -n	eye	Noun
der Beutel,	bag	Noun
die Blume, -n	flower	Noun
das Bonbon, -s	piece of candy	Noun
der Gegenstand, -stände	item, article, subject	Noun
herausnehmen (nimmt heraus, hat herausgenommen)	to take out	Verb
das Parfüm, -e/-s	perfume	Noun
der Stoffbeutel,	cloth bag	Noun
weitermachen	to continue	Verb
der Zitronensaft, -säfte	lemon juice	Noun
zu (Augen zu!)	closed (Eyes closed!)	Preposition
zumachen	to close	Verb
zuhaben (hat zu, hat zugehabt)	to be closed	Verb
erinnern (sich) (an + Akk.)	to remember	Verb
die Schulzeit (Singular)	school time, time at school	Noun
worüber?	about what	Question word
abschließen (schließt ab, hat abgeschlossen)	to close up, lock up	Verb
der Altenpfleger,	elderly care nurse	Noun
die Berufsschule, -n	trade school	Noun
die Elektrotechnik (Singular)	electrical engineering	Noun
der Hotelkaufmann, -männer	hotel manager	Noun
das Klassentreffen,	class reunion	Noun
die Lehre, -n	apprenticeship	Noun
das Lieblingsfach, -fächer	favorite subject	Noun
die Note, -n	grade	Noun
das Praktikum, Praktika	practicum, internship	Noun
die Vorlesung, -en	lecture	Noun
das Zeugnis, -se	report card	Noun
das Au-pair, -s	au pair	Noun
die Informatik (Singular)	computer science	Noun
das Sportgeschäft, -e	sports goods store	Noun
der Steckbrief, -e	personal description	Noun
die Zukunft (Singular)	future	Noun
das Abitur (Singular)	high school graduation	Noun
alle (Alle paar Wochen waren Ferien, da konnte ich ausschlafen.)	every (Every few weeks there was a break, and I could sleep in.)	Pronoun
der/die Arme, -n	unfortunate person	Noun
ausschlafen (schläft aus, hat ausgeschlafen)	to sleep in	Verb
einreiben (reibt ein, hat eingerieben)	to rub in	Verb
der Eintrag, Einträge	entry	Noun
die Englischlehrerin, -nen	English teacher (f.)	Noun
die Erinnerung, -en	memory	Noun
erwachsen	mature, grown-up	Adjective
der Fehler,	mistake	Noun
die Ferien (Plural)	vacation	Noun
die Hauptsache, -n	main thing	Noun
die Kunst, Künste	art	Noun
die Kunststunde, -n	art class	Noun
das Land (Singular) (Elsa hat früher auf dem Land gewohnt.)	countryside (Elsa used to live in the countryside.)	Noun
die Lieblingsstunde, -n	favorite class	Noun
Mathe (ohne Artikel, Singular)	math	Noun
der Mathelehrer,	math teacher (m.)	Noun
paar (Alle paar Wochen kann ich ausschlafen.)	few, pair (Every few weeks, I could sleep in.)	Pronoun
der Riesenspaß (Singular)	lots of fun	Noun
schrecklich	terrible	Adjective
der Schulfreund, -e	friend from school	Noun
sehen (sieht, hat gesehen) (Ich sehe das ganz anders als du.)	to see (I see this completely differently than you.)	Verb
die Sommerferien (Plural)	summer vacation	Noun
die Tür, -en	door	Noun
der Unterricht (Singular)	lessons, instruction	Noun
der Vokabeltest, -s	vocabulary test	Noun
zukleben	to seal	Verb
die Hausaufgabe, -n	homework	Noun
kommen (kommt, ist gekommen) (Ach, komm!)	to come (Oh, come on!)	Verb
die Schuluniform, -en	school uniform	Noun
überrascht	surprised	Adjective
der Beitrag, Beiträge	contribution	Noun
die Theatergruppe, -n	theater troupe	Noun
der Kommentar, -e	commentary	Noun
mischen	to mix	Verb
wie (Wie komisch!)	how (How odd! How funny!)	Question word
wundern (sich) (über + Akk.)	to be surprised about	Verb
zu (Nicht zu glauben!)	to (Not to be believed!)	Preposition
sortieren	to sort	Verb
das Trainingsprogramm, -e	training program	Noun
der Transport, -e	transport	Noun
korrigieren	to correct	Verb
schon lange	long, for a long time	Phrase / expression
die WG, -s	apartment share, housing cooperative	Noun
zurückkommen (kommt zurück, ist zurückgekommen)	to return, come back	Verb
zusammenwohnen	to live together	Verb
hängen (hängt, hat/ist gehangen) (Die Uhr hängt an der Wand.)	to hang (The clock hangs on the wall.)	Verb
hängen (Tom hängt die Uhr an die Wand.)	to hang up (Tom hangs the clock up on the wall.)	Verb
legen	to lay	Verb
das Mehl, -e	flour	Noun
umdrehen (sich)	to turn around	Verb
verändern	to change, alter	Verb
die Veränderung, -en	changes, alterations	Noun
fest	fixed, set	Adjective
außen	outside	Adverb
der Ball, Bälle (Kommst du heute Abend mit auf den Ball?)	ball (Are you coming with to the ball tonight?)	Noun
irgendwas	something	Pronoun
die Oper, -n	opera	Noun
Servus!	Greetings!	Noun
traditionell	traditional	Adjective
unbedingt	absolutely, necessarily	Adverb
das Univiertel,	university district	Noun
zu Besuch	for a visit	Phrase / expression
das Blatt, Blätter	sheet of paper	Noun
die Disco, -s	discotheque	Noun
das Forum, Foren	forum	Noun
usw.	etc., and so on	Phrase / expression
weitergeben (gibt weiter, hat weitergegeben)	to pass on	Verb
der Abschluss, Abschlüsse	degree	Noun
das Bundesland, -länder	province, state	Noun
die Hauptschule, -n	school up to 9th grade	Noun
die Realschule, -n	school up to 10th grade	Noun
das Schulsystem, -e	school system	Noun
der Schultyp, -en	school type	Noun
der Abendkurs, -e	night class	Noun
die Anglistik (Singular)	English language and literature	Noun
die Arbeitsstelle, -n	job, position	Noun
der Bankkaufmann, -männer	banker, bank clerk	Noun
das Berufsleben (Singular)	professional life	Noun
Chemie (ohne Artikel, Singular)	chemistry	Noun
die Dauer (Singular)	duration	Noun
entscheiden (sich) (für/gegen + Akk.) (entscheidet sich, hat sich entschieden)	to decide	Verb
das Fach, Fächer	subject (in school)	Noun
der Ferienclub, -s	resort	Noun
die Grundschule, -n	elementary school	Noun
der Hauptschulabschluss, -schlüsse	graduation after 9th grade	Noun
das Internat, -e	boarding school	Noun
die Karriere, -n	career	Noun
nämlich	indeed, you see	Adverb
perfekt	perfect	Adjective
die Physik (Singular)	physics	Noun
der Realschulabschluss, -schlüsse	graduation after 10th grade	Noun
der Schulabschluss, -schlüsse	secondary school graduation	Noun
die Sportstunde, -n	gym class	Noun
der Stundenplan, -pläne	schedule	Noun
die Vorbereitung, -en	preparation	Noun
das Klassenzimmer,	classroom	Noun
die Unterrichtszeit, -en	class time	Noun
kommentieren	to comment	Verb
die Vorliebe, -n	preference	Noun
anklicken	to click	Verb
bloggen	to blog	Verb
checken (Ich checke täglich meine E-Mails.)	to check (I check my email daily.)	Verb
die Datei, -en	file	Noun
downloaden	to download	Verb
herunterladen (lädt herunter, hat heruntergeladen)	to download	Verb
das Online-Netzwerk, -e	online network	Noun
posten	to post	Verb
das/der Radio, -s	radio	Noun
simsen	to text	Verb
skypen	to skype	Verb
das Video, -s	video	Noun
die Medien (Plural)	media	Noun
der Bildschirm, -e	screen, monitor	Noun
das CD-Laufwerk, -e	CD drive	Noun
die CD-ROM, -s	CD-ROM	Noun
der Drucker	printer	Noun
das DVD-Laufwerk, -e	DVD drive	Noun
der Lautsprecher	speaker	Noun
die Maus, Mäuse	mouse	Noun
das Papier, -e	paper	Noun
der/das Tablet, -s	tablet	Noun
die Tastatur, -en	keyboard	Noun
die Web-Cam, -s	webcam	Noun
beide	both	Pronoun
das E-Book, -s	e-book	Noun
das Fernsehgerät, -e	television set	Noun
der I-Pod, -s	iPod	Noun
das Smartphone, -s	smartphone	Noun
die Spielekonsole, -n	video game console	Noun
häufig	often	Adverb
selten	rarely	Adverb
der Laptop, -s	laptop	Noun
genauso	just as	Adverb
die Umfrage, -n	survey, poll	Noun
wie (Mein Handy ist für mich genauso wichtig wie mein PC.)	as (My cell phone is just as important for me as my PC.)	Question word
zurzeit	currently	Adverb
die Web-Adresse, -n	web address, URL	Noun
wünschen (sich)	to wish	Verb
flüstern	to whisper	Verb
der/die Letzte, -n	last, final	Noun
das Ohr, -en	ear	Noun
die Runde, -n	round	Noun
still	silent(ly)	Adjective
weiterflüstern	to whisper on	Verb
an sein	to be on	Verb
aufpassen	to pay attention	Verb
dass	that	Conjunction
die Gefahr, -en	danger	Noun
der/die Kriminelle, -n	criminal	Noun
manche	some	Pronoun
die Meinung, -en	opinion	Noun
möglich	possible	Adjective
das Netz (Singular) (Stell nicht zu viele Informationen ins Netz!)	web (Don’t put too much information on the web!)	Noun
nicht nur	not only	Phrase / expression
privat	private	Adjective
stellen (Viele Jugendliche stellen sehr private Informationen ins Netz.)	to place, put (Many young people put very private information on the web.)	Verb
überall	everywhere	Adverb
verbringen (verbringt, hat verbracht)	to spend (time)	Verb
vorsichtig	careful(ly)	Adjective
zusammenarbeiten	to work together	Verb
froh	glad, relieved	Adjective
gefährlich	dangerous(ly)	Adjective
nützlich	useful(ly)	Adjective
sicher	sure, safe	Adverb
der Buchverlag, -e	book publisher	Noun
der Fußballer	soccer player	Noun
der Fußballprofi, -s	soccer pro	Noun
kompliziert	complicated(ly)	Adjective
der Lieblingsverein, -e	favorite team	Noun
das Porträt, -s	portrait, profile	Noun
das Produkt, -e	product	Noun
der Rapper	rapper	Noun
das Shooting, -s	shooting (film)	Noun
das Stadion, Stadien	stadium	Noun
der Traumberuf, -e	dream job	Noun
die Werbung, -en	advertisement	Noun
die Lösung, -en	solution	Noun
berühmt	famous	Adjective
das Dingsbums (Singular)	thingy	Noun
der Actionfilm, -e	action movie	Noun
der Fantasy-Film, -e	fantasy movie	Noun
die Komödie, -n	comedy	Noun
lachen	to laugh	Verb
der Lieblingsschauspieler	favorite actor	Noun
die Romanze, -n	romance	Noun
der Thriller	thriller	Noun
weinen	to cry	Verb
der Ausländer	foreigner	Noun
der Enkel	grandchild	Noun
der Gastarbeiter	guest worker	Noun
gehen (geht, ist gegangen) (In dem Film geht es um eine Familie aus der Türkei.)	here: to be about (The film is about a family from Turkey.)	Verb
die Heimat (Singular)	homeland, hometown	Noun
der Kleinbus, -se	minibus	Noun
der Konflikt, -e	conflict	Noun
das Lachen (Singular)	laughter	Noun
lustig machen (sich) (über + Akk.) (Der Film macht sich über Vorurteile lustig.)	to mock, make fun of (The movie mocks prejudices.)	Verb
die Sechzigerjahre (Plural)	1960s	Noun
skeptisch	skeptical(ly)	Adjective
die Versöhnung, -en	redemption	Noun
das Vorurteil, -e	prejudice	Noun
wenigstens	at least	Adverb
der Zuschauer	viewer, spectator	Noun
aktuell	current	Adjective
der Durchschnitt, -e	average	Noun
eher	rather	Adverb
empfehlenswert	recommendable	Adjective
die Handlung, -en	plot, action	Noun
der Hauptdarsteller	leading actor	Noun
das Highlight, -s	highlight	Noun
das Klischee, -s	cliché	Noun
realistisch	realistic	Adjective
der Schauspieler	actor	Noun
spannend	exciting, suspenseful	Adjective
spielen (Der Film spielt in der Türkei.)	here: to be set in (The movie is set in Turkey.)	Verb
der Stern, -e	star	Noun
sympathisch	likeable	Adjective
die Szene, -n	scene	Noun
die Formulierung, -en	formulation, wording	Noun
logisch	logical	Adjective
weitere	further	Adjective
die Beschreibung, -en	description	Noun
zuletzt	lastly	Adverb
neugierig	curious	Adjective
verwenden	to use, employ	Verb
dazu	thereto	Adverb
das Abiturzeugnis, -se	high school diploma, baccalaureate	Noun
die Babykleidung, -en	baby clothes	Noun
das Bedauern (Singular)	regret	Noun
der Blumenstrauß, -sträuße	bouquet	Noun
das Ereignis, -se	result	Noun
erraten (errät, hat erraten)	to guess	Verb
die Freude, -n	joy	Noun
der Führerschein, -e	driver’s license	Noun
die Führerscheinprüfung, -en	driver’s license exam	Noun
die Geburt, -en	birth	Noun
die Hochzeit, -en	wedding	Noun
das Jubiläum, Jubiläen	anniversary	Noun
die Medaille, -n	medal	Noun
der Platz, Plätze (Tom hat den ersten Platz geschafft.)	place (Tom won first place.)	Noun
der Ring, -e	ring	Noun
der Schultag, -e	school day	Noun
die Schultüte, -n	cone-shaped cardboard flute filled with candy to celebrate the first day of school	Noun
der Storch, Störche	stork	Noun
Herzlichen Glückwunsch	congratulation	Noun
die Absage, -n	cancellation	Noun
das Brautpaar, -e	bride and groom	Noun
die Dankeskarte, -n	thank-you card	Noun
der Glückwunsch, -wünsche	congratulation	Noun
die Glückwunschkarte, -n	congratulation card	Noun
gratulieren	to congratulate	Verb
heiraten	to marry	Verb
die Karte, -n (Ich schreibe eine Karte mit Glückwünschen.)	card (I am writing a card with congratulations.)	Noun
das Liebe (Singular) (Ich wünsche euch alles Liebe zur Hochzeit.)	here: best (I wish you all the best for your wedding.)	Noun
der Traum, Träume	dream	Noun
der Ausdruck, Ausdrücke	expression	Noun
aussprechen (spricht aus, hat ausgesprochen)	to pronounce	Verb
bedanken (sich) (bei + Dat.)	to thank	Verb
die Geburtstagsfeier, -n	birthday celebration	Noun
danken	to thank	Verb
der Kreis, -e	circle	Noun
überreichen	to present, hand over	Verb
die Angst, Ängste	fear	Noun
die Emotion, -en	emotion	Noun
das Unglück (Singular)	misfortune	Noun
unglücklich	here: unlucky	Adjective
die Achterbahn, -en	roller coaster	Noun
wegfahren (fährt weg, ist weggefahren)	to drive away	Verb
wenn	when	Conjunction
bestehen (besteht, hat bestanden) (Ich habe zum Glück jede Prüfung bestanden.)	to pass an exam (Luckily, I passed every exam.)	Verb
unten	below	Adverb
aufregend	exciting, thrilling	Adjective
böse	angry, mad	Adjective
erfinden (erfindet, hat erfunden)	to invent	Verb
abwechseln (sich) (mit + Dat.)	to alternate	Verb
Alternative (ohne Artikel, Singular) (Pop, Rock und Alternative sind Musikstile.)	alternative (Pop, rock, and alternative are music genres.)	Noun
die Band, -s	band (music)	Noun
bekannt	known, well-known	Adjective
das Festival, -s	festival	Noun
geben (gibt, hat gegeben) (Auf dem Festival geben viele Bands Konzerte.)	to give, present (At the festival, many bands give concerts.)	Verb
historisch	historic(al)	Adjective
das Kinderfest, -e	children’s festival	Noun
der Musikfan, -s	music fan	Noun
das Musikfest, -e	music festival	Noun
der Musikstil, -e	music genre	Noun
das Muss (Singular)	must	Noun
der Newcomer,	newcomer	Noun
der Pop (Singular)	pop	Noun
das Programm, -e	program, schedule	Noun
die Segelregatta, -regatten	sailing race, yacht race	Noun
das Segelschiff, -e	sailboat	Noun
spielen (Die Band spielt auf dem Festival.)	to play (The band plays at the festival.)	Verb
der Sportfan, -s	sports fan	Noun
das Sportfest, -e	sports festival	Noun
das Stadtfest, -e	city festival	Noun
stattfinden (findet statt, hat stattgefunden)	to take place	Verb
das Theaterfest, -e	theater festival	Noun
weltweit	worldwide	Adjective
das Feuerwerk, -e	fireworks display	Noun
teilnehmen (nimmt teil, hat teilgenommen)	to take part	Verb
die Veranstaltung, -en	event	Noun
achten (auf + Akk.)	to pay attention (to s.t.)	Verb
neutral	neutral(ly)	Adjective
zahlreich	numerous	Adjective
das Pech (Singular)	bad luck	Noun
fallen (fällt, ist gefallen)	to fall	Verb
gutmachen	to make good, to make up (for s.t.)	Verb
das Los, -e	lot, raffle ticket	Noun
peinlich	embarrassing, awkward	Adjective
sauber machen	to make s.t. clean	Verb
unangenehm	unpleasant	Adjective
ärgerlich	annoying, irritating	Adjective
emotional	emotional	Adjective
fröhlich	happy, cheerful	Adjective
gestresst	stressed	Adjective
das Lied, -er	song	Noun
melancholisch	melancholic	Adjective
originell	original	Adjective
poetisch	poetic	Adjective
romantisch	romantic	Adjective
domestiziert	domesticated	Adjective
erleben	to experience	Verb
wild	wild	Adjective
der Gegensatz, -sätze	counterpart, contrast	Noun
die Freundschaft, -en	friendship	Noun
handeln (von + Dat.)	to be about	Verb
die Kindheit (Singular)	childhood	Noun
die Liebe (Singular) (Die Liebe ist ein schönes Gefühl.)	love (Love is a wonderful feeling.)	Noun
die Sehnsucht, -süchte	longing	Noun
wovon?	about what?	Question word
weiterschreiben (schreibt weiter, hat weitergeschrieben)	to continue writing	Verb
herumgehen (geht herum, ist herumgegangen)	to go around	Verb
die Variante, -n	variation	Noun
abfahren (fährt ab, ist abgefahren)	to depart, drive away	Verb
der Abschnitt, -e	section, paragraph	Noun
akkurat	accurate	Adjective
anbieten (bietet an, hat angeboten)	to offer	Verb
die Ankunft, Ankünfte	arrival	Noun
das Ausland (Singular)	foreign countries, abroad	Noun
außer (+ Dat.) (Niemand ist pünktlich außer mir.)	except (No one is punctual except me.)	Preposition
dafür	in exchange	Adverb
daran	about that	Adverb
der Blogeintrag, -einträge	blog post	Noun
der Grund, Gründe	reason	Noun
hilfsbereit	helpful(ly)	Adjective
der Inhalt, -e	content	Noun
interessiert (an + Dat.)	interested	Adjective
irgendwie	somehow	Adverb
jeweils	each	Adverb
mitnehmen (nimmt mit, hat mitgenommen)	to take along	Verb
niemand	nobody	Pronoun
nirgends	nowhere	Adverb
ordentlich	proper, tidy	Adjective
schlimm	bad, terrible	Adjective
sogar	even	Adverb
die Sprachenschule, -n	language school	Noun
der Tango, -s	tango	Noun
die Tango-Musik (Singular)	tango music	Noun
unterrichten	to teach	Verb
der Verkehr (Singular)	traffic	Noun
das Wohnheim, -e	dorm	Noun
ziemlich	quite, rather	Adverb
zusammenfassen	to summarize	Verb
der Absatz, Absätze	paragraph	Noun
passend	suitable, matching	Adjective
tauschen	to switch, trade	Verb
die Zeile, -n	line (text)	Noun
der Aufenthalt, -e	stay, visit	Noun
der Anwalt, Anwälte	lawyer	Noun
föhnen	to blow-dry	Verb
der Grafiker,	graphic designer	Noun
der Hammer,	hammer	Noun
der Tischler,	carpenter	Noun
die Tönung, -en	tint, tone	Noun
die Schere, -n	scissors	Noun
die Handbewegung, -en	hand gesture	Noun
die Geschäftsreise, -n	business trip	Noun
das Abteil, -e	compartment	Noun
die Bahncard, -s	train discount card	Noun
besitzen (besitzt, hat besessen)	to own	Verb
die Hinfahrt, -en	outbound trip	Noun
kurz (Wir kommen um kurz nach zwölf an.)	short(ly) (We are arriving shortly after twelve.)	Adjective
die Rückfahrt, -en	return trip	Noun
die Abfahrt, -en	departure	Noun
die Bahn, -en	train	Noun
der Bahnsteig, -e	train platform	Noun
die Durchsage, -n	announcement	Noun
der Fahrplan, -pläne	timetable, schedule	Noun
das Gepäck (Singular)	baggage, luggage	Noun
das Gleis, -e	track	Noun
die Information, -en (Ich gehe zur Information am Bahnhof.)	here: information desk (I am going to the information desk at the train station.)	Noun
der Schalter,	counter	Noun
der Waggon, -s/-e	train car	Noun
die Zugverbindung, -en	train connection	Noun
die Auskunft, Auskünfte	here: information desk	Noun
der Bahn-Mitarbeiter,	train employee	Noun
einfach (Einfach oder hin und zurück?)	here: one-way (One way, or to and back?)	Adjective
der Fahrgast, -gäste	passenger	Noun
der Fahrkartenschalter,	ticket booth	Noun
der Gang, Gänge (Gang oder Fenster?)	aisle (Aisle or window?)	Noun
der Großraumwagen, -/-wägen	open coach	Noun
hin (Ich möchte ein Ticket hin und zurück.)	to (I want a ticket to and back.)	Verb
die Klasse (Singular) (Möchten Sie in der ersten Klasse fahren?)	class (Do you want to ride first class?)	Noun
das Abend-Programm, -e	evening program	Noun
die Dame, -n	lady	Noun
entspannt	relaxed	Adjective
die Ermäßigung, -en	discount	Noun
erwarten	to await, expect	Verb
fantastisch	fantastic(ally)	Adjective
fit (fitter, am fittesten)	fit, in shape	Adjective
früher	formerly, in the past	Adverb
die Geschichte (Singular) (Die Geschichte von Wiesbaden ist sehr spannend.)	history, story (The history of Wiesbaden is really exciting.)	Noun
großartig	great, grand, terrific	Adjective
die Kultur, -en	culture	Noun
live	live	Adjective
das Musikereignis, -se	musical event	Noun
die Reservierung, -en	reservation	Noun
der Sänger,	singer	Noun
der Senior, -en	senior	Noun
die Show, -s	show	Noun
hübsch	pretty	Adjective
verrückt	crazy	Adjective
antik	antique	Adjective
arbeitslos	unemployed	Adjective
der Arztkittel,	lab coat	Noun
bereuen	to regret	Verb
der Berufswechsel,	career change	Noun
der Elektrokonzern, -e	electronics company	Noun
erfolgreich	successful	Adjective
erfüllen (sich)	to fulfill	Verb
der Fernfahrer,	trucker	Noun
die Freiheit, -en	freedom	Noun
gegen (+ Akk.) (Markus tauscht seinen Kittel gegen einen Overall.)	here: for (Markus trades his lab coat for overalls.)	Preposition
gestalten	to shape, fashion	Verb
gründen	to found	Verb
der Herzchirurg, -en	heart surgeon	Noun
die Herzchirurgie, -n	cardiac surgery	Noun
das Herzzentrum, -zentren	cardiac center	Noun
die Industriekauffrau, -en	industrial businesswoman	Noun
der Lastwagen, -/-wägen	truck	Noun
der Leiter,	leader, director	Noun
die Medizin (Singular)	medicine	Noun
die Möbelwerkstatt, -stätten	furniture workshop	Noun
der Oberarzt, -ärzte	senior physician	Noun
der Operationssaal, -säle	operating room	Noun
der Overall, -s	overalls	Noun
plötzlich	suddenly	Adverb
das Schmuckstück, -e	piece of jewelry	Noun
die Tischlerei, -en	carpenter’s woodshop	Noun
das Universitätsspital, -e	university hospital	Noun
werden (wird, wurde, ist geworden) (Dann wurde sie plötzlich arbeitslos.)	to become (Then she suddenly became unemployed.)	Verb
die Parallele, -n	parallel	Noun
die Altersangabe, -n	age indication	Noun
der Berufswunsch, -wünsche	career goal	Noun
der Arbeitsort, -e	work location	Noun
der Aspekt, -e	aspect	Noun
folgend	following	Adjective
der Tiertrainer,	animal trainer	Noun
der Autor, -en	author	Noun
aufstellen (sich)	to set up, establish	Verb
hinten	behind	Adverb
hintereinander	successively	Adverb
der Schritt, -e	step	Noun
vorn	forward	Adverb
der Lkw, -s	truck	Noun
führen (Sina führt ein Gespräch mit ihrem Chef.)	to conduct, lead (Sina conducts a conversation with her boss.)	Verb
das Telefongespräch, -e	telephone conversation	Noun
vorstellen (sich) (Stell dir vor, ich habe heute zweimal den Bus verpasst.)	here: to imagine (Just imagine, I missed the bus twice today.)	Verb
ausschalten	to turn off	Verb
bereitlegen	to lay ready	Verb
deutlich	distinct(ly)	Adjective
hektisch	hectic	Adjective
konzentrieren (sich) (auf + Akk.)	to concentrate	Verb
lächeln	to smile	Verb
das Lächeln (Singular)	smile	Noun
die Ruhe (Singular)	quiet, calm	Noun
der Stift, -e	pencil	Noun
verlaufen (verläuft, ist verlaufen) (Das Gespräch verläuft gut.)	to proceed, run, go (The conversation is going well.)	Verb
vorbereiten (sich) (auf + Akk.) (Bereiten Sie sich auf das Gespräch vor.)	to prepare (Prepare yourself for the conversation.)	Verb
ausrichten	to leave a message	Verb
außer (Frau Sommer ist heute außer Haus.)	out, outside (Ms. Sommer is out of the house today.)	Preposition
die Durchwahl, -en	phone extension	Noun
hinterlassen (hinterlässt, hat hinterlassen)	to leave behind	Verb
verbinden (mit + Dat.) (verbindet, hat verbunden)	to connect (Could you please connect me with Mr. Winter?)	Verb
zurückrufen (ruft zurück, hat zurückgerufen)	to call back	Verb
informiert	informed	Adjective
der Arbeitsalltag (Singular)	workday	Noun
das Arbeitsleben (Singular)	professional life	Noun
die Arbeitsteilung (Singular)	division of labor	Noun
das Arbeitsverhältnis, -se	working relationship	Noun
der Austausch (Singular)	exchange	Noun
die Balance (Singular)	balance	Noun
bestimmen	to determine	Verb
betreuen	here: to lead	Verb
der Betreuungsplatz, -plätze	child care facility	Noun
dabei	here: with this	Adverb
dadurch	here: because of this	Adverb
damit	here: despite this	Adverb
erreichbar	reachable	Adjective
existieren	to exist	Verb
die Fähigkeit, -en	capability, skill	Noun
familienfreundlich	family-friendly	Adjective
die Flexibilität (Singular)	flexibility	Noun
freiwillig	voluntarily	Adverb
die Hierarchie, -n	hierarchy	Noun
die Internetverbindung, -en	internet connection	Noun
die Kooperation, -en	cooperation	Noun
kümmern (sich) (um + Akk.)	to take care of	Verb
lebenslang	lifelong	Adjective
mehrere	several	Pronoun
möglichst	preferably	Adverb
nutzen	to make use of	Verb
die Position, -en	position, role	Noun
die Projektarbeit, -en	project work	Noun
qualifizieren	here: to be qualified	Verb
selbstständig	self-sufficient	Adjective
die Sicherheit, -en	security	Noun
starr	rigid	Adjective
die Teamarbeit, -en	teamwork	Noun
die Telefonkonferenz, -en	conference call	Noun
unmodern	old-fashioned	Adjective
die Verbindung, -en	connection	Noun
die Vernetzung, -en	network	Noun
verschwinden (verschwindet, ist verschwunden)	to disappear	Verb
die Videokonferenz, -en	video conference	Noun
das Wissen (Singular)	knowledge	Noun
zunehmen (nimmt zu, hat zugenommen) (Teamarbeit nimmt überall zu.)	to increase (Teamwork is becoming more important everywhere.)	Verb
zurechtkommen (kommt zurecht, ist zurechtgekommen)	to cope	Verb
austauschen (sich) (über + Akk.)	to trade	Verb
das Schlüsselwort, -wörter	keyword	Noun
Bis dann!	Until then!	Noun
dabei sein	to be involved	Verb
erfragen	to ask (for s.t., to inquire)	Verb
das Foyer, -s	foyer	Noun
die Karte, -n (Kaufst du die Karten für das Konzert?)	ticket (Are you buying the tickets for the concert?)	Noun
locker	relaxed(ly)	Adjective
die Philharmonie, -n	philharmonic	Noun
schön (Mit dem Fahrrad ist Peter ganz schön mobil.)	pretty (With the bike, Peter is pretty much mobile.)	Adjective
die Unsicherheit, -en	insecurity	Noun
vorhaben (hat vor, hat vorgehabt)	to have s.t. planned	Verb
die Ampel, -n	traffic light	Noun
der Motor, -en	motor	Noun
der Parkplatz, -plätze	parking lot	Noun
die Polizei (Singular)	police	Noun
der Reifen,	tire	Noun
der Stau, -s	traffic jam	Noun
das Parkhaus, -häuser	parking garage	Noun
der Anschluss, Anschlüsse	connection	Noun
die Panne, -n	car break down	Noun
der Sitzplatz, -plätze	seat	Noun
die Tankstelle, -n	gas station	Noun
das Verkehrsmittel,	mode of transportation	Noun
ewig	forever	Adjective
das Kinderabteil, -e	children’s section	Noun
die Mama, -s	mama	Noun
nervig	annoying	Adjective
ungeduldig	impatient	Adjective
das Chaos (Singular)	chaos	Noun
genervt	annoyed, irritated	Adjective
höflich	polite	Adjective
der Papa, -s	papa	Noun
vorlesen (liest vor, hat vorgelesen)	to read aloud	Verb
abnehmen (nimmt ab, hat abgenommen) (Wir nehmen Ihnen Ihre Sorgen ab.)	to relieve s.o. of s.t. (We relieve you of your worries.)	Verb
die App, -s	application	Noun
der Deal, -s	deal	Noun
die Bedienung (Singular) (Das Programm hat eine einfache Bedienung.)	operation (The program is easily operated.)	Noun
eingeben (gibt ein, hat eingegeben)	to enter, input	Verb
Hi!	Hi!	Noun
das Navigationssystem, -e	navigation system	Noun
ob	if	Conjunction
passen (Passt schon.)	to work out (It’ll work out fine.)	Verb
die Strecke, -n	route	Noun
stressfrei	stress-free	Adjective
übermorgen	day after tomorrow	Adverb
die Verkehrsapp, -s	traffic application	Noun
die Daten (Plural)	files	Noun
einschalten	to turn on	Verb
die Radarkamera, -s	radar camera	Noun
das Benzin (Singular)	gas	Noun
erreichen	to reach	Verb
gespannt	curious(ly), eager(ly)	Adjective
rechtzeitig	on time	Adverb
die Überlegung, -en	consideration	Noun
abfliegen (fliegt ab, ist abgeflogen)	to fly away	Verb
der Abflug, Abflüge	departing flight	Noun
bremsen	to brake	Verb
die Garage, -n	garage	Noun
das Kennzeichen,	license plate	Noun
das Kfz,	motor vehicle	Noun
landen (landet, ist gelandet)	to land	Verb
der Pkw, -s	automobile, passenger car	Noun
die Reparatur, -en	repair	Noun
rückwärts	backward	Adverb
die Versicherung, -en	insurance	Noun
der Wagen, -/Wägen	car	Noun
an … vorbei	past, by	Preposition
die Brücke, -n	bridge	Noun
einverstanden	agreed	Adjective
entlanggehen (geht entlang, ist entlanggegangen)	to go along	Verb
gegenüber (+ Dat.)	across from	Preposition
der Kinderspielplatz, -plätze	playground	Noun
die Kreuzung, -en	intersection	Noun
noch mal	again	Phrase / expression
um … herum	around	Preposition
vorbeigehen (an + Dat.) (geht vorbei, ist vorbeigegangen)	to pass by	Verb
der Wohnungsschlüssel,	house key	Noun
einzeichnen	to draw in	Verb
die Wegbeschreibung, -en	directions	Noun
zeichnen	to draw, sketch	Verb
das Navigationsgerät, -e	navigation device	Noun
der Zeitungsartikel,	newspaper article	Noun
der Anbieter,	vendor, provider	Noun
ansonsten	otherwise, apart from that	Adverb
außerdem	besides	Adverb
das Carsharing (Singular)	car sharing	Noun
entweder … oder …	either … or …	Conjunction
der Fall, Fälle (In dem Fall ist das Auto billiger.)	case, situation (In this case, the car is cheaper.)	Noun
flexibel (flexibler, am flexibelsten)	flexible	Adjective
die Gebühr, -en	fee	Noun
jederzeit	at any time	Adverb
das Konzept, -e	concept	Noun
leihen (leiht, hat geliehen)	to borrow	Verb
lohnen (sich)	to be worth	Verb
mieten	to rent	Verb
nachdenken (über + Akk.) (denkt nach, hat nachgedacht)	to think about, ponder	Verb
das Privatauto, -s	privately owned car	Noun
die Telefonzentrale, -n	switchboard, hotline	Noun
unmöglich	impossible	Adjective
unpraktisch	impractical	Adjective
weiterhelfen (hilft weiter, hat weitergeholfen)	to help along, assist	Verb
das Wunschauto, -s	desired car	Noun
allgemein	general(ly)	Adjective
gegen (+ Akk.) (Ich bin gegen Autos, weil …)	against (I am against cars because …)	Preposition
der Unsinn (Singular)	nonsense	Noun
vertreten (vertritt, hat vertreten)	to represent	Verb
das Stadtteilauto, -s	car sharing car; zipcar	Noun
etwa	approximately	Adverb
nehmen (nimmt, hat genommen) (Zur Arbeit nehme ich den Bus.)	to take (I take the bus to work.)	Verb
pendeln (pendelt, ist gependelt)	to commute	Verb
richtig (Nach einem Kaffee bin ich richtig wach.)	properly (After a cup of coffee, I am properly awake.)	Adverb
die Richtung, -en	direction	Noun
wach	awake	Adjective
die Zugfahrt, -en	train ride	Noun
die Schlange, -n	line, queue	Noun
öffentlich (Ich nehme immer die öffentlichen Verkehrsmittel.)	public (I always take public transportation.)	Adjective
das Kursergebnis, -se	class result	Noun
die Begegnung, -en	encounter	Noun
die Radiosendung, -en	radio program	Noun
der Schriftsteller,	writer	Noun
die Sendung, -en	program, show	Noun
überlegen	to think about	Verb
der Stichpunkt, -e	bullet point, key point	Noun
die Fahrradreise, -n	bicycle trip	Noun
befürchten	to fear	Verb
durchsichtig	transparent	Adjective
der Elefant, -en	elephant	Noun
das Ersatzteil, -e	spare part	Noun
griffbereit	handy, at hand	Adjective
das Hinterrad, -räder	rear wheel	Noun
die Isomatte, -n	sleeping pad	Noun
der Kompass, -e	compass	Noun
kühl	cool	Adjective
die Lenkertasche, -n	handlebar bag	Noun
die Not, Nöte	emergency	Noun
das Notizbuch, -bücher	notebook	Noun
die Seite, -n (In der linken Seite steckt ein Messer.)	side (A knife is stuck in the left side.)	Noun
stecken	to be stuck, be placed	Verb
die Unterwäsche (Singular)	underwear	Noun
verstauen	to stow	Verb
die Wäsche (Singular)	here: underwear	Noun
das Werkzeug, -e	tool	Noun
die Wollmütze, -n	wool cap	Noun
die Disziplin (Singular)	discipline	Noun
die Gitarre, -n	guitar	Noun
die Lieblingsband, -s	favorite band	Noun
der Online-Kurs, -e	online course	Noun
verfassen (einen Forumseintrag verfassen)	to write up (write up a forum post)	Verb
blicken (Ich blick‘s nicht.)	to see, glimpse (I don’t see it.)	Verb
die Checkliste, -n	checklist	Noun
durcheinandergehen (geht durcheinander, ist durcheinandergegangen)	to get mixed up	Verb
einfallen (fällt ein, ist eingefallen)	to think of (s.t.)	Verb
einhalten (hält ein, hat eingehalten)	to follow, observe	Verb
kapieren	to understand	Verb
knapp	scarce(ly)	Adjective
die Meisterprüfung, -en	master’s certification	Noun
mündlich	oral	Adjective
der Prüfer,	examiner, person ministering an exam	Noun
der Schlaf (Singular)	sleep	Noun
das Semester,	semester	Noun
der Stoff (Singular) (Für die Prüfung muss ich noch so viel Stoff lernen.)	material (I still have to learn so much material for the test.)	Noun
trotzdem	nevertheless	Adverb
der Zeitplan, -pläne	schedule	Noun
entspannen (sich)	to relax	Verb
konsequent	consistent(ly)	Adjective
verschieben (verschiebt, hat verschoben)	to delay, put off	Verb
das Lernproblem, -e	learning problem	Noun
weiterarbeiten	to continue work	Verb
die Arbeit, -en (Maria schreibt heute eine Arbeit in Geografie.)	here: exam (Maria has an exam in geography today.)	Noun
der Arbeitsplan, -pläne	work plan, work schedule	Noun
denn (Auch Prüfer sind oft nervös, denn sie müssen sich sehr konzentrieren.)	because (Even examiners are often nervous because they really have to concentrate.)	Conjunction
dringend	urgently	Adverb
durchatmen	to breathe, respire	Verb
die Erholung (Singular)	recovery	Noun
gerecht	fair, just	Adjective
die Grippe, -n	flu	Noun
lassen (lässt, hat gelassen) (Lassen Sie auch Lücken für Pausen in Ihrem Arbeitsplan.)	to leave (Also, leave some gaps for breaks in your work schedule.)	Verb
der Lernhelfer,	learning assistant	Noun
lösen	to solve	Verb
ruhig (Machen Sie beim Lernen ruhig einen freien Tag pro Woche.)	here: without worry (Go ahead and take one day off from studying per week!)	Adjective
tief (Atme tief durch!)	deep(ly) (Breathe deeply!)	Adverb
nachfragen	to ask again	Verb
der Trick, -s	trick	Noun
übrigens	by the way	Adverb
verplanen	here: to overschedule	Verb
einplanen	to schedule in	Verb
belohnen	to reward	Verb
motivieren	to motivate	Verb
der Ratschlag, Ratschläge	advice, counsel	Noun
der Forumstext, -e	forum post	Noun
abwechslungsreich	varied	Adjective
der Auftrag, Aufträge	job, order, task	Noun
begleiten	to accompany	Verb
der Doktor, Doktoren	doctor	Noun
dolmetschen	to translate simultaneously	Verb
das Drehbuch, -bücher	screenplay	Noun
einsam	lonely	Adjective
faszinieren	to fascinate	Verb
freiberuflich	self-employed, freelance	Adjective
der Gebärdendolmetscher,	sign language interpreter	Noun
gehörlos	deaf, hearing-impaired	Adjective
der/die Gehörlose, -n	deaf person, hearing-impaired person	Noun
das Gericht, -e (Tom dolmetscht oft im Gericht oder auf dem Standesamt.)	court (Tom often interprets in court or at the civil magistrate’s office.)	Noun
die Kommunikation (Singular)	communication	Noun
komplett	complete(ly)	Adjective
die Konferenz, -en	conference	Noun
die Logopädin, -nen	speech therapist (f.)	Noun
Mitternacht (ohne Artikel, Singular)	midnight	Noun
die Phase, -n	phase	Noun
sorgen	to ensure, provide	Verb
die Sprachtherapie, -n	speech therapy	Noun
das Standesamt, -ämter	civil magistrate’s office	Noun
der Tagesablauf, -abläufe	daily schedule	Noun
der Übersetzer,	translator	Noun
die Untersuchung, -en	examination	Noun
der Zeitschriftenartikel,	newspaper article	Noun
die Angabe, -n	statement	Noun
die Tänzerin, -nen	dancer (f.)	Noun
die Aushilfe, -n	temporary help	Noun
einkochen	to boil down	Verb
die Frucht, Früchte	fruit	Noun
das Generationenprojekt, -e	generational project	Noun
der Preis, -e (Unser Projekt hat dieses Jahr einen Preis gewonnen.)	prize (Our project won a prize this year.)	Noun
die Servicekraft, -kräfte	service staff	Noun
der Wert, -e	value	Noun
die Erwartung, -en	expectation	Noun
die Reportage, -n	report	Noun
das Stichwort, -wörter	keyword	Noun
die Seniorin, -nen	senior citizen (f.)	Noun
das Lieblingsbuch, -bücher	favorite book	Noun
der Vorleser,	reader	Noun
die Einleitung, -en	introduction	Noun
erstens	firstly	Adverb
die Gliederung, -en	structure, organization	Noun
der Hauptteil, -e	main section	Noun
der Punkt, -e (Zu diesem Punkt möchte ich noch etwas sagen: …)	point (I still want to say something about this point…)	Noun
der Zuhörer,	listener	Noun
der Spiegel,	mirror	Noun
vortragen (trägt vor, hat vorgetragen)	to recite, deliver	Verb
Paragliding (ohne Artikel)	paragliding	Noun
Parkour	parkour	Noun
reiten (reitet, ist geritten)	horseback riding	Verb
das Schneeschuhwandern (Singular)	snowshoe hiking	Noun
sportlich	sporty	Adjective
tauchen (taucht, ist getaucht)	to dive	Verb
das Yoga (Singular)	yoga	Noun
der Gleitschirm, -e	paraglider	Noun
der Reithelm, -e	riding helmet	Noun
der Schneeschuh, -e	snowshoe	Noun
die Taucherbrille, -n	diving mask	Noun
die Yogamatte, -n	yoga mat	Noun
die Luft (meist Singular) (Ich bin in der Luft, ich fliege!)	air (I am in the air, I'm flying!)	Verb
die Mauer, -n	wall	Noun
der Muskel, -n	muscle	Noun
das Pferd, -e	horse	Noun
der Schirm, -e (Ich springe aus dem Flugzeug, hoffentlich öffnet sich der Schirm.)	parachute (I am jumping out of the airplane; hopefully the parachute will open.)	Noun
das Tier, -e	animal	Noun
der Wald, Wälder	forest	Noun
der Yogakurs, -e	yoga class	Noun
die Sportart, -en	sport type	Noun
der Fallschirm, -e	parachute	Noun
springen (springt, ist gesprungen) (Ich bin schon mal Fallschirm gesprungen.)	to jump (I have parachute jumped before.)	Verb
der Sportgegenstand, -gegenstände	sports equipment	Noun
der Fan, -s	fan	Noun
der Fanartikel,	team merchandise	Noun
der Fußballschal, -s	soccer club scarf	Noun
der Fußballfan, -s	soccer fan	Noun
die Begeisterung (Singular)	enthusiasm	Noun
die Enttäuschung, -en	disappointment	Noun
hoffen	to hope	Verb
die Hoffnung, -en	hope	Noun
die Topform (Singular)	top form, peak condition	Noun
der Wahnsinn (Singular)	madness, insanity	Noun
die Niederlage, -n	defeat	Noun
der Sieg, -e	victory	Noun
die Lieblingsmannschaft, -en	favorite team	Noun
der Lieblingssportler,	favorite athlete	Noun
verlieren (verliert, hat verloren)	to lose	Verb
das Bällchen,	ball	Noun
begeistert	enthusiastic	Adjective
benehmen (sich) (benimmt sich, hat sich benommen)	to behave	Verb
die Chance, -n	chance, opportunity	Noun
die Folge, -n	result	Noun
die Konsequenz, -en	consequence	Noun
kritisch	critical(ly)	Adjective
die Mannschaft, -en	team	Noun
das Tor, -e (Beim Fußballspiel sind super Tore gefallen.)	goal (Great goals were made at the soccer game.)	Noun
treu (Bleiben Sie uns treu.)	loyal(ly) (Stay loyal to us.)	Adjective
das Vorbild, -er	role model	Noun
der Widerspruch, -sprüche	contradiction, opposition	Noun
schießen (schießt, hat geschossen)	to shoot	Verb
der Musiker,	musician	Noun
der Sportler,	athlete	Noun
die Unterscheidung, -en	distinction, difference	Noun
auf (Auf zum Sport!)	on (On to sports!)	Preposition
lassen (lässt, hat gelassen) (Lass mich mal überlegen!)	to let, allow (Let me think!)	Verb
die Kondition (Singular)	conditioning	Noun
vorschlagen (schlägt vor, hat vorgeschlagen)	to suggest	Verb
ablehnen	to decline	Verb
da (Ich habe da einen Vorschlag: …)	here (Here, I have a suggestion…)	Adverb
halten (hält, hat gehalten) (Was hältst du von meiner Idee?)	to hold, think about (What do you think about my idea?)	Verb
reagieren (auf + Akk.)	to react	Verb
die Reaktion, -en	reaction	Noun
der Vorschlag, Vorschläge	suggestion, recommendation	Noun
zustimmen	to agree	Verb
ausleihen (leiht aus, hat ausgeliehen)	to borrow	Verb
balancieren	to balance	Verb
der Hochseilgarten, -gärten	high ropes course	Noun
die Info, -s	information	Noun
der Profi, -s	professional	Noun
die Übersicht, -en	overview	Noun
das Kärtchen,	card	Noun
der Stapel,	deck of cards	Noun
Geocaching	geocaching	Noun
das Geocaching (Singular)	geocaching	Noun
der Schatz, Schätze	treasure	Noun
die Art, -en	type	Noun
die Erklärung, -en	explanation	Noun
der Geocache, -s	geocache	Noun
geografisch	geographic(ally)	Adjective
das GPS-Gerät, -e	GPS device	Noun
die Koordinate, -n	coordinate	Noun
sogenannt	so-called	Adjective
das Versteck, -e	hiding place	Noun
verstecken	to hide	Verb
der Baum, Bäume	tree	Noun
der Behälter,	container	Noun
der Cache, -s	cache	Noun
die Dose, -n	jar, can, canister	Noun
die Erde (Singular)	earth	Noun
das Gelände,	landscape	Noun
der Geocache-Behälter, -e	geocache container	Noun
der Geocache-Inhalt, -e	geocache contents	Noun
der Geocacher,	geocacher	Noun
gleichzeitig	simultaneous(ly)	Adverb
das Grad, -e	degree	Noun
hineinlegen	to insert	Verb
die Höhle, -n	cave	Noun
die Internetadresse, -n	internet address, URL	Noun
jeweilig	respective	Adjective
kaputtgehen (geht kaputt, ist kaputtgegangen)	to break, to fall apart	Verb
das Loch, Löcher	hole	Noun
das Logbuch, -bücher	log book	Noun
die Minustemperaturen (Plural)	temperatures below freezing	Noun
der Multicache, -s	multicache	Noun
die Natur (Singular)	nature	Noun
die Naturwanderung, -en	nature hike	Noun
die Pflanze, -n	plant	Noun
das Plastik (Singular)	plastic	Noun
die Plastikdose, -n	plastic canister	Noun
schützen	to protect	Verb
stabil	sturdy, stable	Adjective
die Temperatur, -en	temperature	Noun
der Tresor, -e	vault, safe	Noun
und so weiter (usw.)	and so on (etc.)	Phrase / expression
versteckt	hidden	Adjective
versuchen	to attempt	Verb
wasserdicht	waterproof	Adjective
weiterlesen (liest weiter, hat weitergelesen)	to read on	Verb
zu sein	to be closed	Verb
das Kongresszentrum, -zentren	convention center	Noun
das Kulturzentrum, -zentren	cultural center	Noun
bauen	to build	Verb
die Besonderheit, -en	special feature	Noun
der Bauernhof, -höfe	farm	Noun
bewohnt	inhabited	Adjective
die Breite, -n	width, breadth	Noun
das Dach, Dächer	roof	Noun
das Dorf, Dörfer	small town, village	Noun
der Einwohner,	inhabitant	Noun
entfernt	distant(ly)	Adjective
die Ferienwohnung, -en	vacation home	Noun
die Fläche, -n	area	Noun
das Gebäude,	building	Noun
genial	ingenious(ly); here: impressive	Adjective
das Hausboot, -e	houseboat	Noun
die Insel, -n	island	Noun
intensiv	intense(ly), intensive(ly)	Adjective
die Kauffrau, -en	businesswoman	Noun
der Keller,	basement	Noun
die Länge, -n	length	Noun
die Luft (meist Singular)	air (The air is fresh and clean.)	Noun
der Quadratmeter,	square meter	Noun
schaukeln	to rock, sway	Verb
die Seehöhe (Singular)	above sea level	Noun
spiegeln	to mirror, reflect	Verb
das Ufer,	shore	Noun
die Wolke, -n	cloud	Noun
die Wohnform, -en	form of housing	Noun
der Stadtrand, -ränder	city limit	Noun
der Strand, Strände	beach	Noun
bisher	until now	Adverb
leise	quiet	Adjective
abstellen (Ich stelle mein Fahrrad im Hof ab.)	to park (I park my bicycle in the courtyard.)	Verb
bellen	to bark	Verb
die Haustür, -en	front door	Noun
der Eingang, Eingänge	entrance	Noun
das Rad, Räder	bike	Noun
der Rauch (Singular)	smoke	Noun
stinken (stinkt, hat gestunken)	to stink	Verb
das Treppenhaus, -häuser	stairwell, stairway	Noun
der Wortschatz (Singular)	vocabulary	Noun
eng	narrow	Adjective
das Feuer,	fire	Noun
die Feuerwehr, -en	fire department	Noun
der Kinderwagen, – /-wägen	baby carriage, pram	Noun
der Müll (Singular)	trash	Noun
die Mülltonne, -n	trash can	Noun
trocken	dry	Adjective
einlenken	to give in, back down	Verb
na gut	All right (All right, it’s not so bad.)	Phrase / expression
na ja	Oh well (Oh well, if that’s how it is, I’ll accept it.)	Phrase / expression
die Ordnung (Singular)	here: all right (That’s all right.)	Noun
vorkommen (kommt vor, ist vorgekommen)	to occur, happen	Verb
die Konfliktsituation, -en	conflict situation	Noun
annehmen (nimmt an, hat angenommen)	to accept	Verb
ausräumen	to empty out	Verb
der/die Kleine, -n	little one	Noun
die Nachbarschaft, -en	neighborhood, neighbors	Noun
die Bitte, -n	request, plea	Noun
der Briefkasten, -kästen	mailbox	Noun
füttern	to feed	Verb
der Gefallen, –	favor (Can you do me a favor and feed my cat this evening?)	Noun
gießen (gießt, hat gegossen)	to pour, water	Verb
die Katze, -n	cat	Noun
leeren	to empty	Verb
das Päckchen,	package	Noun
der Kursteilnehmer,	course participant	Noun
aufschlagen (schlägt auf, hat aufgeschlagen)	here: to open (a book) (Please, open the book.)	Verb
der Bleistift, -e	pencil	Noun
abmelden	to log off, sign off, check out	Verb
einziehen (zieht ein, ist eingezogen)	to move in	Verb
der Umzugswagen, – /wägen	moving truck	Noun
das Apartment, -s	apartment	Noun
elektrisch	electric(ally)	Adjective
erlauben	to allow	Verb
gehören	to belong	Verb
möbliert	furnished	Adjective
der Strom (Singular)	electricity	Noun
vermieten	to rent out	Verb
die Wand, Wände	wall	Noun
als	as, when (When I was still in Fribourg, I prepared well for my move.)	Conjunction
auskennen (sich) (mit + Dat.)	to know about, be familiar with	Verb
etwas	somewhat, something (In the village, everything is somewhat smaller than in the city.)	Adverb
faxen	to fax	Verb
immer wenn	whenever	Conjunction
kaum	barely	Adverb
kündigen	to resign, quit	Verb
der Umzug, Umzüge	move	Noun
unterhalten (sich)	to converse	Verb
verirren (sich)	to become lost	Verb
versprechen (verspricht, hat versprochen)	to promise	Verb
das WG-Essen,	housing cooperative meal	Noun
wohlfühlen (sich)	to feel well	Verb
der Mitstudent, -en	fellow student	Noun
der Rückweg, -e	return trip	Noun
einmalig	unique, singular	Adjective
die Spracherfahrung, -en	foreign language experience	Noun
die Cousine, -n	cousin (f.)	Noun
ebenfalls	also, likewise	Adverb
die Abreise (Singular)	departure	Noun
das Kätzchen,	kitten	Noun
die Besitzerin, -nen	owner (f.)	Noun
das Meerschweinchen,	guinea pig	Noun
der Nymphensittich, -e	cockatiel	Noun
pflegeleicht	easy to care for	Adjective
die Schildkröte, -n	turtle	Noun
das Tierheim, -e	animal shelter	Noun
das Zuhause,	home	Noun
ausgeben (gibt aus, hat ausgegeben)	to spend, give away	Verb
der Bär, -en	bear	Noun
das Bärchen,	bear cub	Noun
der Hase, -n	rabbit	Noun
das Haustier, -e	pet	Noun
der Kosename, -n	pet name	Noun
das Mäuschen,	here: sweetie	Noun
Mausi (ohne Artikel)	here: sweetie	Noun
das Schwein, -e	pig	Noun
der Tiername, -n	animal name	Noun
das Futter,	feed	Noun
der Haushalt, -e	household	Noun
die Lebenssituation, -en	living situation	Noun
modisch	fashionable	Adjective
die Ratte, -n	rat	Noun
der Tierarzt, -ärzte	veterinarian	Noun
der Vogel, Vögel	bird	Noun
das Lieblingstier, -e	favorite animal	Noun
das Erdhörnchen,	gopher	Noun
die Fotomontage, -n	photomontage, composite photograph	Noun
hineinschauen	to look into	Verb
die Kamera, -s	camera	Noun
der Selbstauslöser,	self-timer	Noun
springen (springt, ist gesprungen)	to jump (The gopher just jumped in front of the camera.)	Verb
der Stein, -e	rock	Noun
zufällig	coincidentally	Adverb
der Stil, -e	style	Noun
unterschiedlich	different(ly)	Adjective
aufziehen (zieht auf, hat aufgezogen)	to raise	Verb
die Ente, -n	duck	Noun
das Küken,	chick	Noun
der Polizist, -en	police officer	Noun
der Schwan, Schwäne	swan	Noun
das Schweinchen,	piglet	Noun
die Tiergeschichte, -n	animal story	Noun
der Tiger,	tiger	Noun
überqueren	to cross	Verb
verliebt	in love	Adjective
verbessern	to improve	Verb
die Kuh, Kühe	cow	Noun
das Spiegelbild, -er	reflection, mirror image	Noun
die Terrassentür, -en	patio door, terrace door	Noun
der Zaun, Zäune	fence	Noun
die Unterhaltung, -en	entertainment, conversation	Noun
das Album, Alben	album	Noun
bayrisch	Bavarian	Adjective
die Bestsellerliste, -n	bestseller list	Noun
das Budget, -s	budget	Noun
erscheinen (erscheint, ist erschienen)	to come out, appear	Verb
der Frauenchor, -chöre	women’s choir	Noun
das Hauptwerk, -e	masterpiece, main work	Noun
der Männerchor, -chöre	men’s choir	Noun
das Märchenschloss, -schlösser	fairytale castle	Noun
meistverkauft	bestselling	Adjective
die Musikgeschichte (Singular)	history of music	Noun
plus	plus	Number
die Realität, -en	reality	Noun
der Riesenerfolg, -e	huge success	Noun
die Rolle, -n	role	Noun
das Schloss, Schlösser	castle	Noun
der Solist, -en	soloist	Noun
der Tourist, -en	tourist	Noun
die Verfilmung, -en	film adaptation	Noun
die Führung, -en	guided tour	Noun
das Amphitheater,	amphitheater	Noun
die Arena, Arenen	arena	Noun
damals	then, in those days	Adverb
entstehen (entsteht, ist entstanden)	to develop from, originate from	Verb
der Fernsehturm, -türme	TV tower	Noun
der Kakao, -s	cocoa	Noun
das Konzerthaus, -häuser	concert hall	Noun
der Konzertsaal, -säle	concert hall	Noun
das Lagerhaus, -häuser	warehouse	Noun
die Römerspiele (Plural)	Roman games	Noun
die Römerzeit (Singular)	Roman era	Noun
der Umbau, -ten	rebuilding, conversion	Noun
der Jazz (Singular)	jazz	Noun
das Rockkonzert, -e	rock show	Noun
der Trip-Hop (Singular)	trip-hop	Noun
was für ein	what kind of a …	Question word
der Stehplatz, -plätze	standing room	Noun
der Ticketkauf, -käufe	ticket purchase	Noun
die Überweisung, -en	bank transfer	Noun
die Kasse, -n	cashier	Noun
das Konto, Konten	account	Noun
die Mehrwertsteuer,	value-added tax (Note: this is technically different from sales tax)	Noun
netto	net	Adjective
die Quittung, -en	receipt	Noun
der Rabatt, -e	rebate, discount	Noun
überweisen (überweist, hat überwiesen)	to transfer	Verb
der Käufer,	buyer	Noun
abgeben (gibt ab, hat abgegeben)	to leave, give up	Verb
hier und da	here and there	Phrase / expression
der Kontrolleur, -e	inspector	Noun
der Schirm, -e (Nie habe ich einen Schirm dabei, wenn es regnet!)	umbrella (I never have an umbrella on me when it rains!)	Noun
deutschsprachig	German-speaking	Adjective
das Lieblingslied, -er	favorite song	Noun
ablesen (liest ab, hat abgelesen)	to read off	Verb
die Ansage, -n	announcement	Noun
der Einsatz, Einsätze	use, mission, deployment	Noun
feststellen	to determine, discover	Verb
der Filmregisseur, -e	film director	Noun
glattgehen (geht glatt, ist glattgegangen)	to go smoothly	Verb
hinfahren (fährt hin, ist hingefahren)	to drive to (s.t.)	Verb
der Hochzeitstag, -e	wedding	Noun
der Hörer,	listener	Noun
die Komikerin, -nen	comedian (f.)	Noun
die Live-Show, -s	live show	Noun
das Medium, Medien	medium	Noun
die Moderatorin, -nen	moderator (f.)	Noun
die Nachrichten (Plural) (Hast du heute die Nachrichten schon gehört?)	news (Did you already hear the news today?)	Noun
der Nachrichtensprecher,	news anchor, news presenter	Noun
das Programm, -e (Das Programm im Fernsehen finde ich immer schlechter.)	program(ming) (I think television programming is getting worse.)	Noun
der Radiosprecher,	radio presenter	Noun
selbe	same	Adjective
die Stille (Singular)	silence	Noun
das Stück, -e (Hast du schon das neue Stück von Monika Gruber gesehen?)	play (Have you already seen the new play by Monika Gruber?)	Noun
der Teleprompter,	teleprompter	Noun
die TV-Show, -s	TV show	Noun
verschlafen (verschläft, hat verschlafen)	to oversleep	Verb
vorgehen (geht vor, ist vorgegangen) (Ich wollte zum Fußballspiel, aber der Hochzeitstag geht vor.)	to come first, have precedence (I wanted to go to the soccer game, but the wedding comes first.)	Verb
der/die Prominente, -n	prominent person, celebrity	Noun
der Regisseur, -e	director	Noun
drehen (Sönke Wortmann hat viele Filme gedreht.)	here: to shoot a film (Sönke Wortmann has shot many films.)	Verb
ausverkauft	sold out	Adjective
das Finale, -s	final match	Noun
der Fußballfilm, -e	soccer film	Noun
die Hauptrolle, -n	leading role	Noun
moderieren	to moderate	Verb
das Prominenten-Quiz,	celebrity quiz	Noun
die Quiz-Frage, -n	quiz question	Noun
der Punkt, -e (Für jede richtige Antwort gibt es drei Punkte.)	point (Three points for every correct answer.)	Noun
aufgeregt	excited(ly)	Adjective
drüben	over there	Adverb
mitlesen (liest mit, hat mitgelesen)	to read along (with s.o.)	Verb
die Malerei, -en	painting	Noun
abmalen	to paint from sight, trace	Verb
der Audioguide, -s	audio guide	Noun
die Einführung, -en	introduction	Noun
der Feldhase, -n	hare	Noun
das Jahrhundert, -e	century	Noun
der Maler,	painter	Noun
sondern	instead	Conjunction
das Tierbild, -er	picture of an animal	Noun
die Tiermalerei, -en	painting of animals	Noun
das Wildschwein, -e	wild boar	Noun
abstrakt	abstract(ly)	Adjective
dumm	dumb(ly)	Adjective
exakt	exact(ly)	Adjective
gemacht (Dieser Film ist echt gut gemacht.)	made (This film is really well made.)	Adjective
dahinter	behind it	Adverb
das Blatt, Blätter (Im Herbst liebe ich die roten Blätter an den Bäumen.)	leaf (I love the red leaves on the trees in the fall.)	Noun
deuten	to indicate	Verb
die Ecke, -n	corner	Noun
oben	above, at the top	Adverb
der Vordergrund, -gründe	foreground	Noun
die Abbildung, -en	illustration	Noun
auffallen (fällt auf, ist aufgefallen)	to stand out	Verb
dunkel-	dark	Adjective
der Graffito, Graffiti	graffiti	Noun
hell-	light	Adjective
der Hintergrund, -gründe	background	Noun
engagieren (sich) (für/gegen + Akk.)	to get involved	Verb
vergehen (vergeht, ist vergangen)	to pass by	Verb
der Alkohol (Singular)	alcohol	Noun
die Arztpraxis, -praxen	medical practice	Noun
betrunken	drunk(enly)	Adjective
das Blut (Singular)	blood	Noun
bluten	to bleed	Verb
der Krankenwagen, -/-wägen	ambulance	Noun
lügen (lügt, hat gelogen)	to lie	Verb
die Rose, -n	rose	Noun
schwanger	pregnant	Adjective
sterben (stirbt, ist gestorben)	to die	Verb
tot	dead	Adjective
die Abschlussprüfung, -en	final exam	Noun
die Fete, -n	party	Noun
das Heimweh (Singular)	homesickness	Noun
der Kiosk, -e	kiosk	Noun
pensioniert	retired	Adjective
sparen	to save	Verb
die Bibliothek, -en	library	Noun
der Rentner,	retiree, pensioner (m.)	Noun
die Rentnerin, -nen	retiree, pensioner (f.)	Noun
die Lebensphase, -n	phase of life	Noun
unter (Unter der Woche habe ich oft keine Zeit für meine Hobbys.)	here: during (During the week, I often don’t have time for my hobbies.)	Preposition
womit	with what	Question word
öfter	more often	Adverb
unternehmen (unternimmt, hat unternommen)	to undertake	Verb
austeilen	to distribute	Verb
erledigen	to settle, handle, take care of	Verb
klingeln	to ring	Verb
ständig	constantly	Adverb
streiten (sich) (streitet, hat gestritten)	to argue	Verb
die Mittagspause, -n	lunch break	Noun
das Kajak, -s	kayak	Noun
der Kajak-Ausflug, -Ausflüge	kayak excursion	Noun
zusammengehören	to fit together	Verb
aus (Von mir aus gern.)	here: according to (Gladly, as far as I am concerned.)	Preposition
der Gegenvorschlag, -vorschläge	counterproposal	Noun
die Kategorie, -n	category	Noun
recht haben	to be correct	Verb
bestens (Wie geht‘s dir? – Alles bestens.)	very well (How’s it going? – All very well.)	Adverb
die Stimmung, -en	mood	Noun
worauf	what + prep. (What are you looking forward to?)	Question word
diskutieren (über + Akk.)	to discuss	Verb
interessieren (sich) (für + Akk.)	to be interested in	Verb
unterhalten (sich) (über + Akk.)	to converse	Verb
statt	instead	Preposition
betonen	to emphasize	Verb
der Sprecher,	speaker	Noun
der Apfelkuchen,	apple pie	Noun
die Kajaktour, -en	kayak tour	Noun
das Abenteuer,	adventure	Noun
aussuchen	to select	Verb
erschließen (erschließt, hat erschlossen)	to infer	Verb
der Fernsehsender,	TV station	Noun
das Filmteam, -s	film crew	Noun
fließend (Auf dem Bauernhof gibt es kein fließendes Wasser.)	running (There is no running water at the farm.)	Adjective
füllen	to fill	Verb
das Kerzenlicht, -er	candlelight	Noun
der Kontext, -e	context	Noun
die Lücke, -n	gap	Noun
der/das Maracuja-Joghurt, -s	passion fruit yogurt	Noun
sinnvoll	meaningful	Adjective
sondern auch	but also	Phrase / expression
die Zeitreise, -n	time travel	Noun
zurückreisen (reist zurück, ist zurückgereist)	to travel back	Verb
entwerfen (entwirft, hat entworfen)	to design, plan	Verb
das Werbeplakat, -e	advertising poster	Noun
der Zeitpunkt, -e	moment in time	Noun
afrikanisch	African	Adjective
das Gold (Singular)	gold	Noun
das Gras, Gräser	grass	Noun
heilen	to heal	Verb
die Morgenstunde, -n	morningtime	Noun
scheinen (scheint, hat geschienen) (Dem Wartenden scheinen Minuten Jahre zu sein.)	to seem, appear (To the one who waits, minutes seem like years.)	Verb
das Sprichwort, -wörter	proverb	Noun
wachsen (wächst, ist gewachsen)	to grow	Verb
der/die Wartende, -n	someone who waits	Noun
die Wunde, -n	wound	Noun
abhängen (hängt ab, hat abgehangen)	to depend	Verb
effektiv	effective(ly)	Adjective
die Geduld (Singular)	patience	Noun
einbauen	to incorporate	Verb
Äthiopien	Ethiopia	Noun
beeindrucken	to impress	Verb
dekorieren	to decorate	Verb
die Gastfreundschaft (Singular)	hospitality	Noun
die Gastgeberin, -nen	hostess	Noun
der Geselle, -n	apprentice	Noun
der Heimatort, -e	hometown	Noun
die Kaffeebohne, -n	coffee bean	Noun
die Kaffeezeremonie, -n	coffee ceremony	Noun
die Kulturwissenschaftlerin, -nen	humanities researcher	Noun
Neujahr (ohne Artikel)	New Year’s	Noun
der Ofen, Öfen	oven	Noun
rösten	to roast	Verb
Silvester (ohne Artikel)	New Year’s Eve	Noun
die Walz (Singular)	apprenticeship in a different local region (The carpenter has been studying abroad for three months now.)	Noun
der Wandergeselle, -n	traveling apprentice	Noun
die Wanderschaft, -en	travels	Noun
die Zeremonie, -n	ceremony	Noun
das Neujahrsfest, -e	new year’s celebration	Noun
das Erntedankfest, -e	harvest celebration	Noun
der Maibaum, -bäume	maypole	Noun
anlassen (lässt an, hat angelassen)	to leave on	Verb
der Arbeitskollege, -n	colleague	Noun
ausziehen (zieht aus, hat ausgezogen)	to take off (In Germany, one does not automatically take off one’s shoes as a guest.)	Verb
die Diplomarbeit, -en	thesis	Noun
einzig	only, sole, unique	Adjective
die Geburtstagsparty, -s	birthday party	Noun
der Hausschuh, -e	slipper	Noun
neulich	recently	Adverb
die Socke, -n	sock	Noun
stehen bleiben (bleibt stehen, ist stehen geblieben)	to stand still	Verb
unhöflich	impolite(ly)	Adjective
unsicher	insecure(ly)	Adjective
unzufrieden	dissatisfied(ly), displeased	Adjective
auch wenn	even when	Conjunction
auf keinen Fall	under no circumstances	Phrase / expression
der Gastgeber,	host	Noun
gierig	greedy	Adjective
der Kulturknigge (Singular)	cultural etiquette	Noun
die Portion, -en	portion	Noun
putzen (Ich muss mir ständig die Nase putzen.)	to clean, wipe (I constantly have to blow my nose.)	Verb
schlürfen	to slurp	Verb
die Seite (Singular) (Wenn ich mir die Nase putzen muss, sehe ich zur Seite.)	side (When I have to blow my nose, I look off to the side.)	Noun
das Taschentuch, -tücher	handkerchief	Noun
umrühren	to stir up	Verb
wirken	here: to seem	Verb
damit (Nimm nicht zu viel vom Kuchen, damit du nicht gierig wirkst.)	here: so that (Don’t take too much of the cake, so you don’t seem greedy.)	Conjunction
der Reiseleiter,	tour guide	Noun
um … zu (Ich esse die heiße Suppe vorsichtig, um nicht zu schlürfen.)	in order to (I eat the hot soup carefully, in order not to slurp.)	Conjunction
die Absicht, -en	intention	Noun
wozu	why, for what	Question word
das Benehmen (Singular)	behavior, manners	Noun
die Höflichkeit, -en	politeness, courtesy	Noun
Acht (ohne Artikel, Singular) (Gib Acht: Die Ampel ist rot.)	awareness, heed (Be aware: the stoplight is red.)	Noun
die Ausnahme, -n	exception	Noun
automatisch	automatic(ally)	Adjective
der Beamte, -n	officer, civil servant	Noun
befreundet	befriended	Adjective
die Distanz, -en	distance	Noun
duzen	to call someone by „du“	Verb
der/die Erwachsene, -n	adult	Noun
gelten (gilt, hat gegolten)	to apply, count	Verb
generell	general(ly)	Adjective
korrekt	correct	Adjective
näher (Ich kenne meine Kollegen leider nicht näher.)	closer (Unfortunately, I don’t know my colleagues too well.)	Adjective
das Schulalter (Singular)	school-age	Noun
siezen	to call someone by „Sie“	Verb
das Schulkind, -er	schoolchild	Noun
die Wanderung, -en	hike	Noun
der/die Bekannte, -n	acquaintance	Noun
steigen (steigt, ist gestiegen)	to climb, rise	Verb
die Stimme, -n	voice	Noun
nun	now	Adverb
eingehen (geht ein, ist eingegangen) (Auf welchen Punkt sollen wir in der Diskussion eingehen?)	to focus on, concentrate (On which point in the discussion should we focus?)	Verb
die Industrie, -en	industry	Noun
die Ordnung (Singular)	order	Noun
die Qualität (Singular)	quality	Noun
die Wirtschaft (Singular)	economy	Noun
abschließend	in closing	Adverb
altmodisch	old-fashioned	Adjective
das Ballkleid, -er	formal dress for balls	Noun
beleidigt	offended	Adjective
der Handkuss, -küsse	kiss on the hand	Noun
die Kaiserzeit (Singular)	imperial era	Noun
kriegen	to get, obtain	Verb
der Opernball, -bälle	opera ball	Noun
die Prinzessin, -nen	princess	Noun
der Quatsch (Singular)	nonsense	Noun
schließlich	finally	Adverb
der Ski, -er	ski	Noun
das Skifahren (Singular)	to ski	Verb
die Zusammenfassung, -en	summary, synopsis	Noun
der Blogger,	blogger	Noun
die Eigenschaft, -en	attribute, characteristic	Noun
