1	Ich mag auch Kaffee.	I also like coffee.
2	Das Essen ist ganz gut.	The food is pretty good.
3	Ich bin sehr müde.	I am very tired.
4	Mach das wie im Beispiel.	Do it like in the example.
5	Wir essen, dann gehen wir.	We eat, then we go.
6	Zuerst trinken wir Kaffee.	First we drink coffee.
7	Ich schlafe heute nicht gut.	I am not sleeping well today.
8	Darauf warten wir.	We wait for that.
9	Ich lese gern.	I like reading.
10	Die Suppe ist so heiß!	The soup is so hot!
11	Das ist so schön!	That is so beautiful!
12	Leider habe ich keine Zeit.	Unfortunately, I have no time.
13	Wir gehen oft ins Kino.	We often go to the cinema.
14	Morgen fahren wir nach Berlin.	Tomorrow we drive to Berlin.
15	Das ist wirklich schön.	That is really nice.
16	Hier wohnt meine Tante.	My aunt lives here.
17	Meistens trinke ich Tee.	Mostly I drink tea.
18	Nachts schlafe ich.	At night I sleep.
19	Du bist immer freundlich.	You are always friendly.
20	Ist noch Kaffee da?	Is there any coffee left?
21	Der Film dauert circa zwei Stunden.	The film lasts approximately two hours.
22	Da ist der Bahnhof.	There is the station.
23	So sagt man auf Deutsch.	That is how you say it in German.
24	Der Zug ist schon da.	The train is already here.
25	Heute ist Montag.	Today is Monday.
26	Jetzt muss ich gehen.	Now I have to go.
27	Das Museum ist rechts.	The museum is on the right.
28	Der Ausgang ist links.	The exit is on the left.
29	Geh geradeaus, dann bist du da.	Go straight ahead, then you are there.
30	Ja, genau!	Yes, exactly!
31	Vielleicht komme ich morgen.	Maybe I will come tomorrow.
32	Ich habe keine Lust mehr.	I do not feel like it anymore.
33	Wir kochen zusammen.	We cook together.
34	Die Frauen sind da drüben.	The women are over there.
35	Sonst ist alles gut.	Otherwise everything is fine.
36	Das Essen ist gleich fertig.	The food is nearly ready.
37	Ich helfe gerne.	I gladly help.
38	Danke, gleichfalls!	Thank you, likewise!
39	Abends sehe ich fern.	In the evening I watch television.
40	Er wohnt allein.	He lives alone.
41	Ich spreche nur wenig Deutsch.	I speak only a little German.
42	Manchmal regnet es.	Sometimes it rains.
43	Mittags esse ich in der Kantine.	At noon I eat in the canteen.
44	Morgens dusche ich.	In the morning I shower.
45	Nachmittags arbeite ich.	In the afternoon I work.
46	Ich habe nur zehn Euro.	I only have ten euros.
47	Vormittags habe ich Unterricht.	Before noon I have lessons.
48	Das ist echt gut!	That is really good!
49	Natürlich helfe ich dir.	Of course I will help you.
50	Normalerweise frühstücke ich um acht.	Normally I have breakfast at eight.
51	Ich komme morgen zurück.	I will come back tomorrow.
52	Es ist kurz nach acht.	It is just after eight.
53	Ich war dreimal in Berlin.	I have been to Berlin three times.
54	Vorher rufe ich dich an.	Before that I will call you.
55	Der Kaffee ist zu heiß.	The coffee is too hot.
56	Echt? Das ist dein neues Auto?	Really? Is that your new car?
57	Klar kommst du mit!	Of course you are coming along!
58	Hoffentlich scheint die Sonne.	Hopefully the sun shines.
59	Natürlich kannst du kommen.	Of course you can come.
60	Er kommt wieder.	He is coming again.
61	Die Kinder spielen draußen.	The children play outside.
62	Überall ist Musik.	There is music everywhere.
63	Ich stehe früh auf.	I get up early.
64	Später trinken wir Kaffee.	Later we drink coffee.
65	Endlich ist der Sommer da!	Finally summer is here!
66	Zahlen Sie bar oder mit Karte?	Do you pay in cash or by card?
67	Ich habe genug Geld.	I have enough money.
68	So ein schöner Tag!	Such a beautiful day!
69	Samstags gehe ich einkaufen.	On Saturdays I go shopping.
70	Lerne die Wörter auswendig.	Learn the words by heart.
71	Dazu brauche ich einen Stift.	For that I need a pen.
72	Eigentlich mag ich Eis.	Actually I like ice cream.
73	Das ist gar nicht schwer.	That is not difficult at all.
74	Gestern war ich im Kino.	Yesterday I was at the cinema.
75	Sie trainiert regelmäßig.	She trains regularly.
76	Ich bin richtig hungrig.	I am really hungry.
77	Ich bin sicher!	I am sure!
78	Ich trinke täglich Wasser.	I drink water daily.
79	Gerade lese ich ein Buch.	At the moment I am reading a book.
80	Ich schlafe mindestens sieben Stunden.	I sleep at least seven hours.
81	Komm sofort her!	Come here immediately!
82	Das ist total schön!	That is totally beautiful!
83	Ich war zweimal in Wien.	I have been to Vienna twice.
84	Das Bild ist oben.	The picture is at the top.
85	Besonders gern bin ich in der Küche.	I especially like being in the kitchen.
86	Der Kurs kostet maximal 20 Euro.	The course costs at most 20 euros.
87	Es sind ungefähr zehn Leute.	There are about ten people.
88	Alles ist top!	Everything is great!
89	Wo genau liegt das?	Where exactly is that?
90	Ich bin nie spät.	I am never late.
91	Der Bahnhof ist nicht weit.	The station is not far.
92	Zurzeit wohne ich in Bonn.	Currently I live in Bonn.
93	Sie ist ebenso nett.	She is equally nice.
94	Ich habe kaum Zeit.	I barely have time.
95	Früher wohnte er in Hamburg.	He used to live in Hamburg.
96	Ich habe nur noch einen Euro.	I only have one euro left.
97	Wie war es wirklich?	How was it really?
98	Das ist lange her.	That is long ago.
99	Insgesamt sind wir zwölf.	All together there are twelve of us.
100	Das ist viel zu teuer.	That is much too expensive.
101	Der Schlüssel liegt daneben.	The key lies beside it.
102	Vorgestern war es kalt.	It was cold the day before yesterday.
103	Wir essen unterwegs.	We eat on the way.
104	Es geht so.	It is so-so.
105	Der Keller ist unten.	The basement is below.
106	Danach gehen wir spazieren.	After that we go for a walk.
107	Es ist erst acht Uhr.	It is only eight o'clock.
108	Es ist etwas kalt.	It is a bit cold.
109	Das stimmt tatsächlich.	That is actually true.
110	Der Eingang ist vorne.	The entrance is at the front.
111	Ich sehe ihn selten.	I rarely see him.
112	Besuch mich einmal!	Visit me once!