id	base	en_meaning
1	zwei	two
2	achtzehn	eighteen
3	drei	three
4	acht	eight
5	zwölf	twelve
6	dreizehn	thirteen
7	eins	one
8	elf	eleven
9	fünf	five
10	fünfzehn	fifteen
11	neun	nine
12	neunzehn	nineteen
13	null	zero
14	sechs	six
15	sechzehn	sixteen
16	sieben	seven
17	siebzehn	seventeen
18	vier	four
19	vierzehn	fourteen
20	zehn	ten
21	zwanzig	twenty
22	minus	minus
23	einhundert	one hundred
24	hundert	hundred
25	achtzig	eighty
26	dreißig	thirty
27	eintausend	one thousand
28	fünfzig	fifty
29	neunzig	ninety
30	sechzig	sixty
31	siebzig	seventy
32	tausend	thousand
33	vierzig	fourty
34	plus	plus
