1	Kardinalzahl	Ich habe zwei Brüder.	I have two brothers.
2	Kardinalzahl	Sie ist achtzehn Jahre alt.	She is eighteen years old.
3	Kardinalzahl	Wir brauchen drei Stühle.	We need three chairs.
4	Kardinalzahl	Der Kurs beginnt um acht.	The course starts at eight.
5	Kardinalzahl	Es ist zwölf Uhr.	It is twelve o'clock.
6	Kardinalzahl	Das Kind ist dreizehn.	The child is thirteen.
7	Kardinalzahl	Eins, zwei, drei – los!	One, two, three – go!
8	Kardinalzahl	Elf minus zwei ist neun.	Eleven minus two is nine.
9	Kardinalzahl	Fünf plus fünf ist zehn.	Five plus five is ten.
10	Kardinalzahl	Er ist fünfzehn Jahre alt.	He is fifteen years old.
11	Kardinalzahl	Der Zug kommt um neun.	The train comes at nine.
12	Kardinalzahl	Sie ist neunzehn.	She is nineteen.
13	Kardinalzahl	Heute sind es null Grad.	Today it is zero degrees.
14	Kardinalzahl	Sechs und drei ist neun.	Six and three is nine.
15	Kardinalzahl	Ihr Bruder ist sechzehn.	Her brother is sixteen.
16	Kardinalzahl	Der Kurs endet um sieben.	The course ends at seven.
17	Kardinalzahl	Er ist siebzehn geworden.	He turned seventeen.
18	Kardinalzahl	Wir sind zu viert.	There are four of us.
19	Kardinalzahl	Das Kind ist vierzehn.	The child is fourteen.
20	Kardinalzahl	Zehn Minuten, bitte.	Ten minutes, please.
21	Kardinalzahl	Das Heft kostet zwanzig Cent.	The notebook costs twenty cents.
22	Plus/Minus-Zeichen	Fünf minus drei ist zwei.	Five minus three is two.
23	Kardinalzahl	Das Buch hat einhundert Seiten.	The book has one hundred pages.
24	Kardinalzahl	Hundert Menschen sind hier.	A hundred people are here.
25	Kardinalzahl	Meine Oma ist achtzig.	My grandma is eighty.
26	Kardinalzahl	Der Zug fährt alle dreißig Minuten.	The train runs every thirty minutes.
27	Kardinalzahl	Die Stadt hat eintausend Häuser.	The city has one thousand houses.
28	Kardinalzahl	Das kostet fünfzig Euro.	That costs fifty euros.
29	Kardinalzahl	Die Oma ist neunzig Jahre alt.	The grandma is ninety years old.
30	Kardinalzahl	Er ist sechzig.	He is sixty.
31	Kardinalzahl	Der Mann ist siebzig.	The man is seventy.
32	Kardinalzahl	Tausend Dank!	A thousand thanks!
33	Kardinalzahl	Sie ist vierzig Jahre alt.	She is forty years old.
34	Plus/Minus-Zeichen	Zwei plus drei ist fünf.	Two plus three is five.