1	possessive	Ihr	Ihren	Ihrem	Ihres	Ihre	Ihre	Ihren	Ihrer	Ist das Ihr Buch?	Is that your book?
2	definite	das	das	dem	des	die	die	den	der	Das ist das Würstchen.	That is the sausage.
3	definite	der	den	dem	des	die	die	den	der	Der Kindergarten ist neu.	The kindergarten is new.
4	definite	die	die	der	der	die	die	den	der	Die Flasche ist voll.	The bottle is full.
5	definite	die	die	der	der	die	die	den	der	Wie heißen die Personen?	What are the people called?
6	indefinite	ein	einen	einem	eines	—	—	—	—	Ich kaufe ein Brot.	I am buying a bread.
7	possessive	mein	meinen	meinem	meines	meine	meine	meinen	meiner	Das ist mein Hund.	That is my dog.
8	definite	der	den	dem	des	die	die	den	der	Ich sehe den Mann.	I see the man.
9	possessive	dein	deinen	deinem	deines	deine	deine	deinen	deiner	Ist das dein Handy?	Is that your phone?
10	indefinite-determiner	jede	jede	jeder	jeder	—	—	—	—	Jede Woche gehe ich schwimmen.	Every week I go swimming.
11	negative	kein	keinen	keinem	keines	keine	keine	keinen	keiner	Ich habe kein Geld.	I have no money.
12	definite	der	den	dem	des	die	die	den	der	Die Schiffe fahren auf dem Fluss.	The ships sail on the river.
13	possessive	ihr	ihren	ihrem	ihres	ihre	ihre	ihren	ihrer	Die Stadthalle zeigt ihre Produktionen.	The town hall shows its productions.
14	possessive	euer	euren	eurem	eures	eure	eure	euren	eurer	Wo ist euer Haus?	Where is your house?
15	possessive	unser	unseren	unserem	unseres	unsere	unsere	unseren	unserer	Das ist unser Auto.	That is our car.
16	possessive	sein	seinen	seinem	seines	seine	seine	seinen	seiner	Der Regisseur präsentiert seinen Film.	The director presents his film.