id	base	separable	reflexive	aux_from_src	partizip_from_src	en_meaning
1	heißen	—	—	haben	geheißen	to be called
2	ordnen	zu	—	—	—	to assign, to match
3	gehören	zusammen	—	—	—	to fit together
4	gehen	—	—	sein	gegangen	to go
5	heißen	—	—	haben	geheißen	to be named
6	hören	—	—	—	—	to hear
7	lesen	—	—	haben	gelesen	to read
8	sein	—	—	sein	gewesen	to be
9	spielen	—	—	—	—	to play
10	kennen	—	—	haben	gekannt	to know
11	machen	—	—	—	—	to make
12	sammeln	—	—	—	—	to collect
13	wohnen	—	—	—	—	to live
14	variieren	—	—	—	—	to vary
15	ergänzen	—	—	—	—	to complete
16	notieren	—	—	—	—	to note
17	raten	—	—	haben	geraten	to guess
18	stellen	vor	—	—	—	to introduce
19	kommen	—	—	sein	gekommen	to come from
20	sprechen	—	—	haben	gesprochen	to speak
21	fragen	—	—	—	—	to ask
22	sprechen	mit	—	—	—	to speak along
23	lesen	mit	—	—	—	to read along
24	sagen	—	—	—	—	to say
25	schreiben	—	—	haben	geschrieben	to write
26	buchstabieren	—	—	—	—	to spell
27	verstehen	—	—	haben	verstanden	to understand
28	lernen	—	—	—	—	to learn
29	grüßen	—	—	—	—	to greet
30	reagieren	—	—	—	—	to react
31	verabschieden	—	—	—	—	to say goodbye
32	fotografieren	—	—	—	—	to photograph
33	schwimmen	—	—	sein	geschwommen	to swim
34	arbeiten	—	—	—	—	to work
35	gehen	—	—	sein	gegangen	to be okay
36	jogen	—	—	—	—	to jog
37	singen	—	—	haben	gesungen	to sing
38	tanzen	—	—	—	—	to dance
39	lieben	—	—	—	—	to love
40	kreuzen	an	—	—	—	to mark
41	gehen	—	—	sein	gegangen	to go
42	kochen	—	—	—	—	to cook
43	reisen	—	—	—	—	to travel
44	arbeiten	—	—	—	—	to work
45	antworten	—	—	—	—	to answer
46	nennen	—	—	haben	genannt	to name
47	gehen	—	—	sein	gegangen	to go
48	sprechen	nach	—	—	—	to repeat
49	achten	—	—	—	—	pay attention to
50	geben	—	—	—	—	to be
51	passen	—	—	—	—	to match
52	markieren	—	—	—	—	to highlight
53	suchen	—	—	—	—	to search
54	vergleichen	—	—	haben	verglichen	to compare
55	fahren	—	—	sein	gefahren	to drive
56	haben	frei	—	—	—	to have a holiday
57	haben	—	—	haben	gehabt	to have
58	warten	—	—	—	—	to wait
59	unterstreichen	—	—	haben	unterstrichen	to underline
60	präsentieren	—	—	—	—	to present
61	tauschen	—	—	—	—	to switch
62	berichten	—	—	—	—	to report
63	studieren	—	—	—	—	to study
64	sehen	an	—	—	—	to look at
65	stehen	—	—	haben	gestanden	to stand
66	merken	—	—	—	—	to remember
67	passen	zusammen	—	—	—	to fit together
68	wählen	—	—	—	—	to choose
69	verabreden	—	yes	—	—	to make plans
70	kosten	—	—	—	—	to cost
71	sehen	—	—	haben	gesehen	to see
72	zeichnen	—	—	—	—	to draw
73	stehen	auf	—	—	—	to stand up
74	zeigen	—	—	—	—	to point
75	bilden	—	—	—	—	to form
76	klopfen	—	—	—	—	to knock
77	kreisen	—	—	—	—	to circle
78	würfeln	—	—	—	—	to roll
79	dirigieren	—	—	—	—	to conduct
80	finden	—	—	haben	gefunden	to find
81	stellen	—	—	—	—	to ask
82	kaufen	ein	—	—	—	to shop
83	kaufen	—	—	—	—	to buy
84	brauchen	—	—	—	—	to need
85	planen	—	—	—	—	to plan
86	stimmen	—	—	—	—	to be true
87	schmecken	—	—	—	—	to taste
88	essen	—	—	haben	gegessen	to eat
89	dran sein	—	—	—	—	to have one's turn
90	finden	—	—	haben	gefunden	to find
91	kosten	—	—	—	—	to cost
92	machen	—	—	—	—	to make
93	möchten	—	—	haben	gemocht	to want
94	nehmen	—	—	haben	genommen	to take
95	wissen	—	—	haben	gewusst	to know
96	wechseln	—	—	—	—	to change
97	recherchieren	—	—	—	—	to research
98	verbinden	—	—	haben	verbunden	to connect
99	grillen	—	—	—	—	to barbecue
100	trinken	—	—	haben	getrunken	to drink
101	frühstücken	—	—	—	—	to eat breakfast
102	mögen	—	—	haben	gemocht	to like
103	schlafen	—	—	haben	geschlafen	to sleep
104	erzählen	—	—	—	—	to tell
105	fallen	ein	—	—	—	to think of
106	beantworten	—	—	—	—	to answer
107	helfen	—	—	haben	geholfen	to help
108	probieren	—	—	—	—	to try
109	schälen	—	—	—	—	to peel
110	schneiden	—	—	haben	geschnitten	to cut
111	führen	—	—	—	—	to have
112	nummerieren	—	—	—	—	to number
113	lassen	—	—	—	—	to have lunch
114	besuchen	—	—	—	—	to visit
115	duschen	—	—	—	—	to shower
116	treffen	—	—	haben	getroffen	to meet
117	bleiben	—	—	sein	geblieben	to stay
118	beschreiben	—	—	haben	beschrieben	to describe
119	gehen	—	—	sein	gegangen	to go
120	telefonieren	—	—	—	—	to telephone
121	ziehen	—	—	haben	gezogen	to draw
122	können	—	—	haben	gekonnt	to be able to
123	müssen	—	—	haben	gemusst	to have to
124	wollen	—	—	haben	gewollt	to want
125	tun	leid	—	—	—	to be sorry
126	haben	—	—	haben	gehabt	to make
127	tun	—	—	haben	getan	to do
128	überlegen	—	—	—	—	to think about
129	vereinbaren	—	—	—	—	to make
130	bereiten	vor	—	—	—	to prepare
131	da sein	—	—	—	—	to be there
132	sitzen	—	—	haben	gesessen	to sit
133	entschuldigen	—	—	—	—	to excuse
134	machen	—	—	—	—	to matter
135	feiern	—	—	—	—	to celebrate
136	glauben	—	—	—	—	to believe
137	klettern	—	—	—	—	to climb
138	wandern	—	—	—	—	to hike
139	laden	ein	—	—	—	to invite
140	klingen	—	—	haben	geklungen	to sound
141	schenken	—	—	—	—	to give
142	werden	—	—	sein	geworden	to turn
143	stellen	auf	—	—	—	to arrange
144	rufen	an	—	—	—	to call
145	sammeln	ein	—	—	—	to collect
146	bringen	mit	—	—	—	to bring
147	kommen	mit	—	—	—	to come
148	holen	ab	—	—	—	to pick up
149	fangen	an	—	—	—	to start
150	machen	mit	—	—	—	to join in, to participate
151	schicken	—	—	—	—	to send
152	wissen	—	—	haben	gewusst	to know
153	hören	auf	—	—	—	to stop
154	bestellen	—	—	—	—	to order
155	bringen	—	—	haben	gebracht	of course
156	passieren	—	—	—	—	to happen
157	bezahlen	—	—	—	—	to pay
158	ordnen	—	—	—	—	to arrange
159	stimmen	—	—	—	—	to be correct
160	zahlen	—	—	—	—	to pay
161	geben	—	—	haben	gegeben	to give
162	gehen	—	—	sein	gegangen	–
163	passen	auf	—	—	—	to pay attention
164	beginnen	—	—	—	—	to begin
165	enden	—	—	—	—	to end
166	fehlen	—	—	—	—	to miss
167	genießen	—	—	haben	genossen	to savor
168	laufen	—	—	sein	gelaufen	to run
169	los sein	—	—	—	—	to be up
170	einkaufen gehen	—	—	—	—	to go shopping
171	nehmen	an	—	—	—	to accept
172	nehmen	mit	—	—	—	to take along
173	verwenden	—	—	—	—	to use
174	bedeuten	—	—	—	—	to mean
175	erklären	—	—	—	—	to explain
176	holen	—	—	—	—	to get
177	überweisen	—	—	haben	überwiesen	to transfer
178	dauern	—	—	—	—	to last
179	machen	an	—	—	—	to turn on
180	machen	aus	—	—	—	to turn off
181	drucken	—	—	—	—	to print
182	geben	ein	—	—	—	to enter
183	fahren	hoch	—	—	—	to start up
184	öffnen	—	—	—	—	to open
185	speichern	—	—	—	—	to save
186	diskutieren	—	—	—	—	to discuss
187	lernen	kennen	—	—	—	to get to know
188	zeigen	—	—	—	—	to show
189	korrigieren	—	—	—	—	to correct
190	reden	—	—	—	—	to talk
191	formulieren	—	—	—	—	to phrase
192	interessieren	—	—	—	—	to interest
193	regnen	—	—	—	—	to rain
194	denken	—	—	haben	gedacht	to think
195	leben	—	—	—	—	live
196	gehen	los	—	—	—	to start
197	schaffen	—	—	—	—	to manage
198	aufräumen	auf	—	—	—	to put away
199	vergessen	—	—	haben	vergessen	to miss
200	vermissen	—	—	—	—	to forget
201	ziehen	an	—	—	—	to get dressed
202	geben	—	—	haben	gegeben	to give
203	holen	—	—	—	—	to get
204	gehen	raus	—	—	—	to go outside
205	machen	weiter	—	—	—	to continue
206	machen	auf	—	—	—	to open
207	schreiben	auf	—	—	—	to write down
208	lesen	vor	—	—	—	to read aloud
209	wiederholen	—	—	—	—	to repeat
210	wiegen	—	—	haben	gewogen	to weigh
211	wechseln	ab	—	—	—	to take turns
212	riechen	—	—	haben	gerochen	to smell
213	bekommen	—	—	haben	bekommen	to get
214	bewegen	—	—	—	—	to move
215	legen	hin	yes	—	—	to lie down
216	kontrollieren	—	—	—	—	to check
217	sauber machen	sauber	—	—	—	to clean sth
218	tun	weh	—	—	—	to hurt
219	sollen	—	—	haben	gesollt	be supposed to
220	erkältet sein	—	—	—	—	to have a cold
221	husten	—	—	—	—	cough
222	baden	—	—	—	—	to bath
223	dürfen	—	—	haben	gedurft	to be allowed
224	erlaubt sein	—	—	—	—	to be allowed
225	nehmen	—	—	haben	genommen	to take
226	rauchen	—	—	—	—	to smoke
227	geben	—	—	haben	gegeben	to give
228	vermuten	—	—	—	—	to suspect
229	schlafen	ein	—	—	—	to fall asleep
230	inhalieren	—	—	—	—	to inhale
231	versuchen	—	—	—	—	to attempt
232	hängen	auf	—	—	—	to hang up
233	untersuchen	—	—	—	—	to examine
234	gehören	dazu	—	—	—	to include
235	erschließen	—	—	haben	erschlossen	to infer
236	zerlegen	—	—	—	—	to disassemble
237	drücken	aus	—	—	—	to express
238	geben	wieder	—	—	—	to recite
239	ziehen	—	—	sein	gezogen	to move
240	vermieten	—	—	—	—	to let sth
241	stellen	—	—	—	—	to put
242	füllen	aus	—	—	—	to fill in
243	unterschreiben	—	—	haben	unterschrieben	to sign
244	machen	zu	—	—	—	to close
245	freuen	—	yes	—	—	to look forward to sth
246	scheinen	—	—	haben	geschienen	to shine
247	sehen	aus	—	—	—	to look
248	betreuen	—	—	—	—	to supervise
249	geben	—	—	haben	gegeben	to give
250	malen	—	—	—	—	to paint
251	segeln	—	—	—	—	to sail
252	verdienen	—	—	—	—	to earn
253	haben	—	—	haben	gehabt	to have
254	laufen	—	—	sein	gelaufen	to go
255	vorbei sein	—	—	—	—	to be over
256	sein	—	—	sein	gewesen	to be here: to happen
257	trainieren	—	—	—	—	to train
258	nehmen	—	—	haben	genommen	to take
259	mischen	—	—	—	—	to mix
260	fliegen	—	—	sein	geflogen	to fly
261	verbinden	—	—	haben	verbunden	to connect
262	melden	—	yes	—	—	to answer
263	spielen	vor	—	—	—	to act out
264	finden	statt	—	—	—	to take place
265	verkaufen	—	—	—	—	to sell
266	fragen	nach	—	—	—	to ask again
267	gefallen	—	—	haben	gefallen	well
268	gehen	aus	—	—	—	to go out
269	stehen	—	—	haben	gestanden	to suit
270	tragen	—	—	haben	getragen	to wear
271	hören	weiter	—	—	—	to continue to listen
272	erfragen	—	—	—	—	to inquire
273	schauen	—	—	—	—	to look
274	schicken	zurück	—	—	—	to send back
275	sehen	fern	—	—	—	to watch television
276	kommen	an	—	—	—	to arrive
277	probieren	an	—	—	—	to try on
278	ziehen	aus	—	—	—	to take off
279	empfehlen	—	—	haben	empfohlen	to recommend
280	entdecken	—	—	—	—	to find
281	nerven	—	—	—	—	to annoy
282	passen	—	—	—	—	to fit
283	shoppen	—	—	—	—	to shop
284	tauschen	um	—	—	—	to change
285	danken	—	—	—	—	to thank
286	kriegen	—	—	—	—	to get
287	auf sein	—	—	—	—	to be open
288	öffnen	—	—	—	—	open
289	schließen	—	—	haben	geschlossen	to close
290	zu sein	—	—	—	—	to be closed
291	haben	zu	—	—	—	to be closed
292	orientieren	—	yes	—	—	to orient
293	packen	ein	—	—	—	to pack
294	reservieren	—	—	—	—	to book
295	wünschen	—	—	—	—	to wish
296	fahren	ab	—	—	—	to depart
297	steigen	aus	—	—	—	to get off
298	steigen	ein	—	—	—	to board
299	nehmen	—	—	haben	genommen	to take
300	steigen	um	—	—	—	to transfer
301	benutzen	—	—	—	—	to use
302	shoppen gehen	—	—	—	—	to go shopping
303	fahren	los	—	—	—	to leave
304	übernachten	—	—	—	—	to sleep over, to stay at
305	verpassen	—	—	—	—	to miss
306	wecken	—	—	—	—	to wake up
307	fahren	zurück	—	—	—	to drive back
308	finden	zurück	—	—	—	to find back
309	chillen	—	—	—	—	to chill
310	gehören	—	—	—	—	to belong
311	liegen	—	—	haben	gelegen	to be
312	schneien	—	—	—	—	to snow
313	schütten	—	—	—	—	to pour
