1	experience	Warst du schon mal in Berlin?	Have you ever been to Berlin?
2	duration	Das ist schon lange her.	That was a long time ago.
3	visit	Wir sind zu Besuch bei der Oma.	We are visiting grandma.
4	abbreviation	Wasch dich, brüste die Zähne usw.	Wash yourself, brush your teeth, etc.
5	restriction	Sie kann nicht nur kochen.	She can not only cook.
6	congratulations	Herzlichen Glückwunsch zum Geburtstag!	Congratulations on your birthday!
7	farewell	Bis dann, wir sehen uns!	Until then, see you!
8	repetition	Noch mal, bitte!	Again, please!
9	etc.	Papier, Stift und so weiter.	Paper, pen and so on.
10	agreement	Na gut, ich komme mit.	All right, I will come along.
11	concession	Na ja, es ist okay.	Oh well, it is okay.
12	frequency	Hier und da gibt es Cafés.	Here and there there are cafés.
13	addition	Sie spricht nicht nur Deutsch, sondern auch Spanisch.	She speaks not only German but also Spanish.
14	negation	Das mache ich auf keinen Fall.	I will not do that under any circumstances.