726	Die Ansage ist kurz.	The announcement is short.
727	Der Einsatz ist heute.	The mission is today.
728	Der Filmregisseur ist berühmt.	The film director is famous.
729	Der Hochzeitstag ist im Juni.	The wedding anniversary is in June.
730	Der Hörer hört zu.	The listener listens.
731	Die Komikerin ist lustig.	The comedian is funny.
732	Die Live-Show beginnt um neun.	The live show starts at nine.
733	Das Medium ist das Internet.	The medium is the internet.
734	Die Moderatorin stellt Fragen.	The moderator asks questions.
735	Die Nachrichten sind um acht.	The news is at eight.
736	Der Nachrichtensprecher liest die Nachrichten.	The news anchor reads the news.
737	Das Programm ist interessant.	The program is interesting.
738	Der Radiosprecher spricht langsam.	The radio presenter speaks slowly.
739	Die Stille ist schön.	The silence is nice.
740	Das Stück spielt heute.	The play is performed today.
741	Der Teleprompter ist neu.	The teleprompter is new.
742	Die TV-Show ist lustig.	The TV show is funny.
743	Der Prominente gibt ein Interview.	The celebrity gives an interview.
744	Der Regisseur dreht den Film.	The director makes the film.
745	Das Finale ist am Sonntag.	The final match is on Sunday.
746	Der Fußballfilm ist spannend.	The soccer film is exciting.
747	Die Hauptrolle ist wichtig.	The leading role is important.
748	Das Prominenten-Quiz ist am Abend.	The celebrity quiz is in the evening.
749	Die Quiz-Frage ist leicht.	The quiz question is easy.
750	Der Punkt ist auf dem Schirm.	The point is on the screen.
751	Die Malerei ist schön.	The painting is beautiful.
752	Der Audioguide hilft mir.	The audio guide helps me.
753	Die Einführung ist kurz.	The introduction is short.
754	Der Feldhase läuft schnell.	The hare runs fast.
755	Das Jahrhundert ist lang.	The century is long.
756	Der Maler malt ein Bild.	The painter paints a picture.
757	Das Tierbild hängt an der Wand.	The picture of an animal hangs on the wall.
758	Die Tiermalerei ist alt.	The painting of animals is old.
759	Das Wildschwein ist groß.	The wild boar is big.
760	Das Blatt ist grün.	The leaf is green.
761	Die Ecke ist hell.	The corner is bright.
762	Der Vordergrund ist klar.	The foreground is clear.
763	Die Abbildung ist schön.	The illustration is nice.
764	Der Graffito ist bunt.	The graffiti is colourful.
765	Der Hintergrund ist dunkel.	The background is dark.
766	Der Alkohol ist verboten.	The alcohol is forbidden.
767	Die Arztpraxis ist in der Stadt.	The medical practice is in the city.
768	Das Blut ist rot.	The blood is red.
769	Der Krankenwagen kommt schnell.	The ambulance comes quickly.
770	Die Rose ist rot.	The rose is red.
771	Die Abschlussprüfung ist schwer.	The final exam is difficult.
772	Die Fete ist am Samstag.	The party is on Saturday.
773	Das Heimweh ist groß.	The homesickness is big.
774	Der Kiosk ist offen.	The kiosk is open.
775	Die Bibliothek ist ruhig.	The library is quiet.
776	Der Rentner geht spazieren.	The retiree goes for a walk.
777	Die Rentnerin liest Zeitung.	The retiree reads the newspaper.
778	Die Lebensphase ist neu.	The phase of life is new.
779	Die Mittagspause ist um zwölf.	The lunch break is at twelve.
780	Das Kajak ist leicht.	The kayak is light.
781	Der Kajak-Ausflug ist am Samstag.	The kayak excursion is on Saturday.
782	Der Gegenvorschlag ist gut.	The counterproposal is good.
783	Die Kategorie ist klar.	The category is clear.
784	Die Stimmung ist fröhlich.	The mood is cheerful.
785	Der Sprecher ist deutlich.	The speaker is clear.
786	Der Apfelkuchen ist lecker.	The apple pie is tasty.
787	Die Kajaktour beginnt um neun.	The kayak tour starts at nine.
788	Das Abenteuer ist spannend.	The adventure is exciting.
789	Der Fernsehsender ist bekannt.	The TV station is well-known.
790	Das Filmteam ist groß.	The film crew is big.
791	Das Kerzenlicht ist warm.	The candlelight is warm.
792	Der Kontext ist wichtig.	The context is important.
793	Die Lücke ist klein.	The gap is small.
794	Der Maracuja-Joghurt ist lecker.	The passion fruit yogurt is tasty.
795	Die Zeitreise ist spannend.	The time travel is exciting.
796	Das Werbeplakat ist bunt.	The advertising poster is colourful.
797	Der Zeitpunkt ist günstig.	The moment in time is good.
798	Das Gold ist teuer.	The gold is expensive.
799	Das Gras ist grün.	The grass is green.
800	Die Morgenstunde ist ruhig.	The morning time is quiet.
801	Das Sprichwort ist alt.	The proverb is old.
802	Der Wartende sitzt im Wartezimmer.	The waiting person sits in the waiting room.
803	Die Wunde ist klein.	The wound is small.
804	Die Geduld ist wichtig.	The patience is important.
805	Äthiopien ist ein Land.	Ethiopia is a country.
806	Die Gastfreundschaft ist groß.	The hospitality is big.
807	Die Gastgeberin ist nett.	The hostess is nice.
808	Der Geselle lernt den Beruf.	The apprentice learns the trade.
809	Der Heimatort ist klein.	The hometown is small.
810	Die Kaffeebohne ist braun.	The coffee bean is brown.
811	Die Kaffeezeremonie dauert lange.	The coffee ceremony takes long.
812	Die Kulturwissenschaftlerin forscht.	The humanities researcher does research.
813	Neujahr ist am 1. Januar.	New Year's is on the 1st of January.
814	Der Ofen ist heiß.	The oven is hot.
815	Silvester ist am 31. Dezember.	New Year's Eve is on the 31st of December.
816	Die Walz dauert drei Jahre.	The apprenticeship lasts three years.
817	Der Wandergeselle reist viel.	The traveling apprentice travels a lot.
818	Die Wanderschaft ist lang.	The travels are long.
819	Die Zeremonie beginnt um zehn.	The ceremony starts at ten.
820	Das Neujahrsfest ist groß.	The new year's celebration is big.
821	Das Erntedankfest ist im Herbst.	The harvest celebration is in autumn.
822	Der Maibaum steht auf dem Platz.	The maypole stands on the square.
823	Der Arbeitskollege ist nett.	The colleague is nice.
824	Die Diplomarbeit ist lang.	The thesis is long.
825	Die Geburtstagsparty ist am Samstag.	The birthday party is on Saturday.
826	Der Hausschuh ist warm.	The slipper is warm.
827	Die Socke ist rot.	The sock is red.
828	Der Gastgeber ist freundlich.	The host is friendly.
829	Der Kulturknigge erklärt die Regeln.	The cultural etiquette explains the rules.
830	Die Portion ist groß.	The portion is big.
831	Die Seite ist sonnig.	The side is sunny.
832	Das Taschentuch ist weich.	The handkerchief is soft.
833	Der Reiseleiter führt die Gruppe.	The tour guide leads the group.
834	Die Absicht ist gut.	The intention is good.
835	Das Benehmen ist höflich.	The behavior is polite.
836	Die Höflichkeit ist wichtig.	The politeness is important.
837	Gib Acht!	Pay attention!
838	Die Ausnahme ist selten.	The exception is rare.
839	Der Beamte arbeitet im Amt.	The officer works in the office.
840	Die Distanz ist groß.	The distance is big.
841	Der Erwachsene arbeitet.	The adult works.
842	Das Schulalter beginnt mit sechs.	School-age starts at six.
843	Das Schulkind geht zur Schule.	The schoolchild goes to school.
844	Die Wanderung ist lang.	The hike is long.
845	Der Bekannte wohnt in Bonn.	The acquaintance lives in Bonn.
846	Die Stimme ist laut.	The voice is loud.
847	Die Industrie ist wichtig.	The industry is important.
848	Das ist in Ordnung.	That is in order.
849	Die Qualität ist gut.	The quality is good.
850	Die Wirtschaft wächst.	The economy grows.
851	Das Ballkleid ist schön.	The formal dress for balls is beautiful.
852	Der Handkuss ist alt.	The kiss on the hand is traditional.
853	Die Kaiserzeit war lang.	The imperial era was long.
854	Der Opernball ist im Januar.	The opera ball is in January.
855	Die Prinzessin wohnt im Schloss.	The princess lives in the castle.
856	Das ist Quatsch!	That is nonsense!
857	Der Ski ist lang.	The ski is long.
858	Die Zusammenfassung ist kurz.	The summary is short.
859	Der Blogger schreibt jeden Tag.	The blogger writes every day.
860	Die Eigenschaft ist wichtig.	The attribute is important.