161	irregular	singe mit	singst mit	singt mit	singen mit	singt mit	singen mit	sang mit	mitgesungen	haben	Ich singe mit.	I sing along.
162	regular	vertraue	vertraust	vertraut	vertrauen	vertraut	vertrauen	vertraute	vertraut	haben	Ich traue ihm.	I trust him.
163	regular	wage	wagst	wagt	wagen	wagt	wagen	wagte	gewagt	haben	Ich wage es.	I dare it.
164	regular	besiege	besiegst	besiegt	besiegen	besiegt	besiegen	besiegte	besiegt	haben	Sie besiegen den Gegner.	They defeat the opponent.
165	regular	kämpfe	kämpfst	kämpft	kämpfen	kämpft	kämpfen	kämpfte	gekämpft	haben	Wir kämpfen für die Idee.	We fight for the idea.
166	regular	parke ein	parkst ein	parkt ein	parken ein	parkt ein	parken ein	parkte ein	eingeparkt	haben	Ich parke das Auto ein.	I park the car.
167	regular	nerve	nervst	nervt	nerven	nervt	nerven	nervte	genervt	haben	Das nervt mich.	That annoys me.
168	regular	kleide mich	kleidest dich	kleidet sich	kleiden uns	kleidet euch	kleiden sich	kleidete	gekleidet	haben	Ich kleide mich warm.	I dress warmly.
169	regular	komme klar	kommst klar	kommt klar	kommen klar	kommt klar	kommen klar	kam klar	klargekommen	sein	Ich komme mit dem Stress klar.	I cope with the stress.
170	regular	lasse mich scheiden	lässt dich scheiden	lässt sich scheiden	lassen uns scheiden	lässt euch scheiden	lassen sich scheiden	ließ scheiden	geschieden	haben	Sie lassen sich scheiden.	They get divorced.
171	regular	setze	setzt	setzt	setzen	setzt	setzen	setzte	gesetzt	haben	Setz das Glas auf den Tisch.	Set the glass on the table.
172	irregular	bleibe zusammen	bleibst zusammen	bleibt zusammen	bleiben zusammen	bleibt zusammen	bleiben zusammen	blieb zusammen	zusammengeblieben	sein	Wir bleiben zusammen.	We stay together.
173	regular	lebe zusammen	lebst zusammen	lebt zusammen	leben zusammen	lebt zusammen	leben zusammen	lebte zusammen	zusammengelebt	haben	Sie leben zusammen.	They live together.
174	irregular	ziehe ein	ziehst ein	zieht ein	ziehen ein	zieht ein	ziehen ein	zog ein	eingezogen	sein	Wir ziehen in die Wohnung ein.	We move into the flat.
175	regular	trenne mich	trennst dich	trennt sich	trennen uns	trennt euch	trennen sich	trennte	getrennt	haben	Sie trennen sich.	They separate.
176	regular	spüle ab	spülst ab	spült ab	spülen ab	spült ab	spülen ab	spülte ab	abgespült	haben	Spül das Geschirr ab.	Rinse the dishes.
177	regular	eskaliere	eskalierst	eskaliert	eskalieren	eskaliert	eskalieren	eskalierte	eskaliert	sein	Der Streit eskaliert.	The argument escalates.
178	irregular	lasse mir gefallen	lässt dir gefallen	lässt sich gefallen	lassen uns gefallen	lässt euch gefallen	lassen sich gefallen	ließ gefallen	gefallen lassen	haben	Ich lasse mir das nicht gefallen.	I do not put up with that.
179	irregular	gelinge	gelingst	gelingt	gelingen	gelingt	gelingen	gelang	gelungen	sein	Das Experiment gelingt.	The experiment succeeds.
180	irregular	gebe nach	gibst nach	gibt nach	geben nach	gebt nach	geben nach	gab nach	nachgegeben	haben	Er gibt nach.	He gives in.
181	regular	bleibe ruhig	bleibst ruhig	bleibt ruhig	bleiben ruhig	bleibt ruhig	bleiben ruhig	blieb ruhig	ruhig geblieben	sein	Bleib ruhig.	Stay calm.
182	irregular	schweige	schweigst	schweigt	schweigen	schweigt	schweigen	schwieg	geschwiegen	haben	Sie schweigt.	She remains silent.
183	regular	beeinflusse	beeinflusst	beeinflusst	beeinflussen	beeinflusst	beeinflussen	beeinflusste	beeinflusst	haben	Das beeinflusst mich.	That influences me.
184	regular	erkämpfe	erkämpfst	erkämpft	erkämpfen	erkämpft	erkämpfen	erkämpfte	erkämpft	haben	Sie erkämpfen den Sieg.	They secure the victory.
185	regular	komponiere	komponierst	komponiert	komponieren	komponiert	komponieren	komponierte	komponiert	haben	Er komponiert Musik.	He composes music.
186	irregular	zwinge	zwingst	zwingt	zwingen	zwingt	zwingen	zwang	gezwungen	haben	Die Regeln zwingen mich.	The rules force me.
187	regular	dokumentiere	dokumentierst	dokumentiert	dokumentieren	dokumentiert	dokumentieren	dokumentierte	dokumentiert	haben	Wir dokumentieren die Arbeit.	We document the work.
188	auxiliary	bin erhalten	bist erhalten	ist erhalten	sind erhalten	seid erhalten	sind erhalten	war erhalten	erhalten gewesen	sein	Das Gebäude ist erhalten.	The building is preserved.
189	irregular	ziehe ab	ziehst ab	zieht ab	ziehen ab	zieht ab	ziehen ab	zog ab	abgezogen	sein	Der Zug zieht ab.	The train pulls off.
190	irregular	beiße	beißt	beißt	beißen	beißt	beißen	biss	gebissen	haben	Der Hund beißt.	The dog bites.
191	regular	wehre mich	wehrst dich	wehrt sich	wehren uns	wehrt euch	wehren sich	wehrte	gewehrt	haben	Ich wehre mich.	I defend myself.
192	regular	brülle zurück	brüllst zurück	brüllt zurück	brüllen zurück	brüllt zurück	brüllen zurück	brüllte zurück	zurückgebrüllt	haben	Er brüllt zurück.	He yells back.
193	irregular	breche zusammen	brichst zusammen	bricht zusammen	brechen zusammen	brecht zusammen	brechen zusammen	brach zusammen	zusammengebrochen	sein	Das Haus bricht zusammen.	The house collapses.
194	regular	sage aus	sagst aus	sagt aus	sagen aus	sagt aus	sagen aus	sagte aus	ausgesagt	haben	Der Zeuge sagt aus.	The witness testifies.
195	irregular	fresse	frisst	frisst	fressen	fresst	fressen	fraß	gefressen	haben	Die Kuh frisst Gras.	The cow eats grass.
196	regular	illustriere	illustrierst	illustriert	illustrieren	illustriert	illustrieren	illustrierte	illustriert	haben	Sie illustriert das Buch.	She illustrates the book.
197	regular	lobe	lobst	lobt	loben	lobt	loben	lobte	gelobt	haben	Ich lobe dich.	I praise you.
198	regular	schmeichle	schmeichelst	schmeichelt	schmeicheln	schmeichelt	schmeicheln	schmeichelte	geschmeichelt	haben	Er schmeichelt ihr.	He flatters her.
199	irregular	stehle	stiehlst	stiehlt	stehlen	stehlt	stehlen	stahl	gestohlen	haben	Jemand stiehlt das Geld.	Someone steals the money.
200	irregular	singe vor	singst vor	singt vor	singen vor	singt vor	singen vor	sang vor	vorgesungen	haben	Sie singt ein Lied vor.	She sings a song.